date,Q_cfs
1990-01-01,358.0
1990-01-02,87.0
1990-01-03,59.0
1990-01-04,52.0
1990-01-05,54.0
1990-01-06,50.0
1990-01-07,44.0
1990-01-08,54.0
1990-01-09,80.0
1990-01-10,91.0
1990-01-11,63.0
1990-01-12,53.0
1990-01-13,46.0
1990-01-14,43.0
1990-01-15,43.0
1990-01-16,42.0
1990-01-17,42.0
1990-01-18,42.0
1990-01-19,39.0
1990-01-20,38.0
1990-01-21,41.0
1990-01-22,38.0
1990-01-23,37.0
1990-01-24,37.0
1990-01-25,96.0
1990-01-26,378.0
1990-01-27,103.0
1990-01-28,67.0
1990-01-29,126.0
1990-01-30,331.0
1990-01-31,87.0
1990-02-01,67.0
1990-02-02,60.0
1990-02-03,55.0
1990-02-04,85.0
1990-02-05,60.0
1990-02-06,51.0
1990-02-07,50.0
1990-02-08,47.0
1990-02-09,47.0
1990-02-10,126.0
1990-02-11,85.0
1990-02-12,68.0
1990-02-13,55.0
1990-02-14,53.0
1990-02-15,49.0
1990-02-16,55.0
1990-02-17,52.0
1990-02-18,45.0
1990-02-19,46.0
1990-02-20,43.0
1990-02-21,41.0
1990-02-22,50.0
1990-02-23,148.0
1990-02-24,100.0
1990-02-25,58.0
1990-02-26,46.0
1990-02-27,46.0
1990-02-28,48.0
1990-03-01,46.0
1990-03-02,46.0
1990-03-03,52.0
1990-03-04,45.0
1990-03-05,42.0
1990-03-06,42.0
1990-03-07,40.0
1990-03-08,39.0
1990-03-09,41.0
1990-03-10,43.0
1990-03-11,40.0
1990-03-12,40.0
1990-03-13,39.0
1990-03-14,38.0
1990-03-15,38.0
1990-03-16,38.0
1990-03-17,165.0
1990-03-18,150.0
1990-03-19,66.0
1990-03-20,123.0
1990-03-21,85.0
1990-03-22,61.0
1990-03-23,54.0
1990-03-24,64.0
1990-03-25,86.0
1990-03-26,78.0
1990-03-27,60.0
1990-03-28,54.0
1990-03-29,55.0
1990-03-30,92.0
1990-03-31,184.0
1990-04-01,91.0
1990-04-02,236.0
1990-04-03,329.0
1990-04-04,104.0
1990-04-05,81.0
1990-04-06,86.0
1990-04-07,212.0
1990-04-08,110.0
1990-04-09,81.0
1990-04-10,72.0
1990-04-11,89.0
1990-04-12,66.0
1990-04-13,59.0
1990-04-14,58.0
1990-04-15,265.0
1990-04-16,92.0
1990-04-17,75.0
1990-04-18,74.0
1990-04-19,61.0
1990-04-20,58.0
1990-04-21,87.0
1990-04-22,80.0
1990-04-23,62.0
1990-04-24,56.0
1990-04-25,53.0
1990-04-26,53.0
1990-04-27,50.0
1990-04-28,46.0
1990-04-29,106.0
1990-04-30,275.0
1990-05-01,91.0
1990-05-02,65.0
1990-05-03,55.0
1990-05-04,53.0
1990-05-05,154.0
1990-05-06,69.0
1990-05-07,55.0
1990-05-08,51.0
1990-05-09,46.0
1990-05-10,331.0
1990-05-11,180.0
1990-05-12,73.0
1990-05-13,70.0
1990-05-14,66.0
1990-05-15,54.0
1990-05-16,51.0
1990-05-17,63.0
1990-05-18,59.0
1990-05-19,43.0
1990-05-20,42.0
1990-05-21,44.0
1990-05-22,45.0
1990-05-23,44.0
1990-05-24,40.0
1990-05-25,38.0
1990-05-26,100.0
1990-05-27,60.0
1990-05-28,47.0
1990-05-29,453.0
1990-05-30,120.0
1990-05-31,65.0
1990-06-01,53.0
1990-06-02,47.0
1990-06-03,44.0
1990-06-04,43.0
1990-06-05,38.0
1990-06-06,37.0
1990-06-07,36.0
1990-06-08,35.0
1990-06-09,124.0
1990-06-10,167.0
1990-06-11,45.0
1990-06-12,37.0
1990-06-13,35.0
1990-06-14,34.0
1990-06-15,33.0
1990-06-16,33.0
1990-06-17,30.0
1990-06-18,29.0
1990-06-19,43.0
1990-06-20,33.0
1990-06-21,28.0
1990-06-22,38.0
1990-06-23,65.0
1990-06-24,32.0
1990-06-25,27.0
1990-06-26,25.0
1990-06-27,23.0
1990-06-28,22.0
1990-06-29,21.0
1990-06-30,20.0
1990-07-01,77.0
1990-07-02,41.0
1990-07-03,24.0
1990-07-04,20.0
1990-07-05,19.0
1990-07-06,39.0
1990-07-07,19.0
1990-07-08,18.0
1990-07-09,17.0
1990-07-10,17.0
1990-07-11,16.0
1990-07-12,140.0
1990-07-13,380.0
1990-07-14,140.0
1990-07-15,141.0
1990-07-16,69.0
1990-07-17,37.0
1990-07-18,31.0
1990-07-19,28.0
1990-07-20,26.0
1990-07-21,76.0
1990-07-22,67.0
1990-07-23,35.0
1990-07-24,26.0
1990-07-25,24.0
1990-07-26,22.0
1990-07-27,19.0
1990-07-28,19.0
1990-07-29,21.0
1990-07-30,30.0
1990-07-31,22.0
1990-08-01,20.0
1990-08-02,18.0
1990-08-03,17.0
1990-08-04,16.0
1990-08-05,22.0
1990-08-06,296.0
1990-08-07,75.0
1990-08-08,31.0
1990-08-09,138.0
1990-08-10,469.0
1990-08-11,87.0
1990-08-12,44.0
1990-08-13,37.0
1990-08-14,49.0
1990-08-15,31.0
1990-08-16,28.0
1990-08-17,27.0
1990-08-18,25.0
1990-08-19,24.0
1990-08-20,143.0
1990-08-21,41.0
1990-08-22,54.0
1990-08-23,72.0
1990-08-24,42.0
1990-08-25,39.0
1990-08-26,33.0
1990-08-27,30.0
1990-08-28,28.0
1990-08-29,26.0
1990-08-30,26.0
1990-08-31,23.0
1990-09-01,23.0
1990-09-02,22.0
1990-09-03,21.0
1990-09-04,20.0
1990-09-05,20.0
1990-09-06,22.0
1990-09-07,22.0
1990-09-08,20.0
1990-09-09,18.0
1990-09-10,19.0
1990-09-11,18.0
1990-09-12,19.0
1990-09-13,26.0
1990-09-14,23.0
1990-09-15,20.0
1990-09-16,57.0
1990-09-17,53.0
1990-09-18,19.0
1990-09-19,17.0
1990-09-20,18.0
1990-09-21,16.0
1990-09-22,22.0
1990-09-23,20.0
1990-09-24,16.0
1990-09-25,13.0
1990-09-26,15.0
1990-09-27,21.0
1990-09-28,14.0
1990-09-29,13.0
1990-09-30,13.0
1990-10-01,19.0
1990-10-02,12.0
1990-10-03,10.0
1990-10-04,19.0
1990-10-05,23.0
1990-10-06,14.0
1990-10-07,12.0
1990-10-08,11.0
1990-10-09,11.0
1990-10-10,11.0
1990-10-11,23.0
1990-10-12,28.0
1990-10-13,115.0
1990-10-14,27.0
1990-10-15,18.0
1990-10-16,15.0
1990-10-17,15.0
1990-10-18,78.0
1990-10-19,76.0
1990-10-20,24.0
1990-10-21,20.0
1990-10-22,19.0
1990-10-23,1410.0
1990-10-24,179.0
1990-10-25,59.0
1990-10-26,40.0
1990-10-27,31.0
1990-10-28,28.0
1990-10-29,27.0
1990-10-30,26.0
1990-10-31,26.0
1990-11-01,26.0
1990-11-02,24.0
1990-11-03,24.0
1990-11-04,23.0
1990-11-05,23.0
1990-11-06,24.0
1990-11-07,22.0
1990-11-08,23.0
1990-11-09,22.0
1990-11-10,734.0
1990-11-11,184.0
1990-11-12,62.0
1990-11-13,46.0
1990-11-14,40.0
1990-11-15,37.0
1990-11-16,37.0
1990-11-17,45.0
1990-11-18,36.0
1990-11-19,32.0
1990-11-20,30.0
1990-11-21,29.0
1990-11-22,30.0
1990-11-23,36.0
1990-11-24,35.0
1990-11-25,30.0
1990-11-26,28.0
1990-11-27,28.0
1990-11-28,29.0
1990-11-29,29.0
1990-11-30,26.0
1990-12-01,26.0
1990-12-02,26.0
1990-12-03,48.0
1990-12-04,186.0
1990-12-05,67.0
1990-12-06,44.0
1990-12-07,38.0
1990-12-08,38.0
1990-12-09,35.0
1990-12-10,33.0
1990-12-11,31.0
1990-12-12,31.0
1990-12-13,30.0
1990-12-14,29.0
1990-12-15,113.0
1990-12-16,91.0
1990-12-17,46.0
1990-12-18,77.0
1990-12-19,85.0
1990-12-20,49.0
1990-12-21,114.0
1990-12-22,79.0
1990-12-23,71.0
1990-12-24,211.0
1990-12-25,74.0
1990-12-26,54.0
1990-12-27,48.0
1990-12-28,107.0
1990-12-29,102.0
1990-12-30,334.0
1990-12-31,246.0
1991-01-01,88.0
1991-01-02,67.0
1991-01-03,60.0
1991-01-04,54.0
1991-01-05,49.0
1991-01-06,51.0
1991-01-07,110.0
1991-01-08,91.0
1991-01-09,76.0
1991-01-10,83.0
1991-01-11,216.0
1991-01-12,648.0
1991-01-13,163.0
1991-01-14,98.0
1991-01-15,83.0
1991-01-16,287.0
1991-01-17,151.0
1991-01-18,90.0
1991-01-19,75.0
1991-01-20,71.0
1991-01-21,68.0
1991-01-22,58.0
1991-01-23,54.0
1991-01-24,54.0
1991-01-25,51.0
1991-01-26,49.0
1991-01-27,50.0
1991-01-28,52.0
1991-01-29,49.0
1991-01-30,49.0
1991-01-31,51.0
1991-02-01,43.0
1991-02-02,44.0
1991-02-03,45.0
1991-02-04,44.0
1991-02-05,44.0
1991-02-06,47.0
1991-02-07,55.0
1991-02-08,51.0
1991-02-09,46.0
1991-02-10,45.0
1991-02-11,43.0
1991-02-12,41.0
1991-02-13,42.0
1991-02-14,72.0
1991-02-15,50.0
1991-02-16,42.0
1991-02-17,39.0
1991-02-18,44.0
1991-02-19,53.0
1991-02-20,58.0
1991-02-21,48.0
1991-02-22,45.0
1991-02-23,43.0
1991-02-24,40.0
1991-02-25,41.0
1991-02-26,43.0
1991-02-27,41.0
1991-02-28,40.0
1991-03-01,40.0
1991-03-02,45.0
1991-03-03,57.0
1991-03-04,89.0
1991-03-05,54.0
1991-03-06,46.0
1991-03-07,57.0
1991-03-08,44.0
1991-03-09,41.0
1991-03-10,41.0
1991-03-11,40.0
1991-03-12,38.0
1991-03-13,39.0
1991-03-14,64.0
1991-03-15,68.0
1991-03-16,50.0
1991-03-17,45.0
1991-03-18,218.0
1991-03-19,87.0
1991-03-20,60.0
1991-03-21,53.0
1991-03-22,58.0
1991-03-23,1010.0
1991-03-24,281.0
1991-03-25,101.0
1991-03-26,76.0
1991-03-27,78.0
1991-03-28,68.0
1991-03-29,107.0
1991-03-30,220.0
1991-03-31,96.0
1991-04-01,75.0
1991-04-02,65.0
1991-04-03,60.0
1991-04-04,57.0
1991-04-05,59.0
1991-04-06,60.0
1991-04-07,55.0
1991-04-08,53.0
1991-04-09,53.0
1991-04-10,51.0
1991-04-11,46.0
1991-04-12,45.0
1991-04-13,65.0
1991-04-14,139.0
1991-04-15,109.0
1991-04-16,83.0
1991-04-17,63.0
1991-04-18,56.0
1991-04-19,51.0
1991-04-20,62.0
1991-04-21,57.0
1991-04-22,61.0
1991-04-23,51.0
1991-04-24,49.0
1991-04-25,48.0
1991-04-26,46.0
1991-04-27,45.0
1991-04-28,45.0
1991-04-29,45.0
1991-04-30,49.0
1991-05-01,46.0
1991-05-02,40.0
1991-05-03,36.0
1991-05-04,36.0
1991-05-05,38.0
1991-05-06,75.0
1991-05-07,52.0
1991-05-08,40.0
1991-05-09,43.0
1991-05-10,46.0
1991-05-11,35.0
1991-05-12,32.0
1991-05-13,31.0
1991-05-14,30.0
1991-05-15,28.0
1991-05-16,26.0
1991-05-17,153.0
1991-05-18,93.0
1991-05-19,42.0
1991-05-20,37.0
1991-05-21,32.0
1991-05-22,29.0
1991-05-23,27.0
1991-05-24,26.0
1991-05-25,25.0
1991-05-26,24.0
1991-05-27,22.0
1991-05-28,33.0
1991-05-29,23.0
1991-05-30,21.0
1991-05-31,20.0
1991-06-01,81.0
1991-06-02,46.0
1991-06-03,488.0
1991-06-04,69.0
1991-06-05,37.0
1991-06-06,29.0
1991-06-07,27.0
1991-06-08,24.0
1991-06-09,23.0
1991-06-10,21.0
1991-06-11,20.0
1991-06-12,20.0
1991-06-13,18.0
1991-06-14,17.0
1991-06-15,16.0
1991-06-16,25.0
1991-06-17,59.0
1991-06-18,153.0
1991-06-19,72.0
1991-06-20,33.0
1991-06-21,26.0
1991-06-22,22.0
1991-06-23,42.0
1991-06-24,32.0
1991-06-25,25.0
1991-06-26,20.0
1991-06-27,18.0
1991-06-28,17.0
1991-06-29,16.0
1991-06-30,15.0
1991-07-01,14.0
1991-07-02,101.0
1991-07-03,95.0
1991-07-04,26.0
1991-07-05,22.0
1991-07-06,60.0
1991-07-07,25.0
1991-07-08,61.0
1991-07-09,49.0
1991-07-10,20.0
1991-07-11,19.0
1991-07-12,17.0
1991-07-13,17.0
1991-07-14,16.0
1991-07-15,13.0
1991-07-16,12.0
1991-07-17,11.0
1991-07-18,11.0
1991-07-19,11.0
1991-07-20,10.0
1991-07-21,10.0
1991-07-22,28.0
1991-07-23,15.0
1991-07-24,25.0
1991-07-25,98.0
1991-07-26,43.0
1991-07-27,91.0
1991-07-28,23.0
1991-07-29,45.0
1991-07-30,32.0
1991-07-31,18.0
1991-08-01,15.0
1991-08-02,13.0
1991-08-03,12.0
1991-08-04,11.0
1991-08-05,9.8
1991-08-06,8.4
1991-08-07,8.1
1991-08-08,8.9
1991-08-09,58.0
1991-08-10,27.0
1991-08-11,14.0
1991-08-12,10.0
1991-08-13,9.1
1991-08-14,8.9
1991-08-15,9.1
1991-08-16,8.6
1991-08-17,7.5
1991-08-18,6.9
1991-08-19,6.4
1991-08-20,49.0
1991-08-21,36.0
1991-08-22,11.0
1991-08-23,8.4
1991-08-24,7.4
1991-08-25,6.9
1991-08-26,6.5
1991-08-27,6.5
1991-08-28,6.5
1991-08-29,6.2
1991-08-30,5.7
1991-08-31,5.3
1991-09-01,4.7
1991-09-02,4.1
1991-09-03,3.9
1991-09-04,5.5
1991-09-05,55.0
1991-09-06,15.0
1991-09-07,12.0
1991-09-08,8.4
1991-09-09,7.4
1991-09-10,6.5
1991-09-11,5.8
1991-09-12,5.3
1991-09-13,4.8
1991-09-14,4.5
1991-09-15,4.6
1991-09-16,4.4
1991-09-17,4.3
1991-09-18,18.0
1991-09-19,9.4
1991-09-20,12.0
1991-09-21,6.4
1991-09-22,5.7
1991-09-23,6.0
1991-09-24,12.0
1991-09-25,249.0
1991-09-26,44.0
1991-09-27,14.0
1991-09-28,9.8
1991-09-29,8.2
1991-09-30,7.1
1991-10-01,6.9
1991-10-02,6.7
1991-10-03,6.5
1991-10-04,6.3
1991-10-05,7.0
1991-10-06,119.0
1991-10-07,18.0
1991-10-08,11.0
1991-10-09,9.2
1991-10-10,8.6
1991-10-11,8.9
1991-10-12,8.6
1991-10-13,7.9
1991-10-14,7.3
1991-10-15,7.9
1991-10-16,20.0
1991-10-17,85.0
1991-10-18,35.0
1991-10-19,17.0
1991-10-20,15.0
1991-10-21,15.0
1991-10-22,14.0
1991-10-23,14.0
1991-10-24,13.0
1991-10-25,13.0
1991-10-26,12.0
1991-10-27,12.0
1991-10-28,12.0
1991-10-29,11.0
1991-10-30,11.0
1991-10-31,11.0
1991-11-01,11.0
1991-11-02,10.0
1991-11-03,10.0
1991-11-04,10.0
1991-11-05,10.0
1991-11-06,9.9
1991-11-07,9.8
1991-11-08,9.7
1991-11-09,9.6
1991-11-10,13.0
1991-11-11,15.0
1991-11-12,13.0
1991-11-13,14.0
1991-11-14,13.0
1991-11-15,12.0
1991-11-16,12.0
1991-11-17,12.0
1991-11-18,12.0
1991-11-19,11.0
1991-11-20,11.0
1991-11-21,13.0
1991-11-22,120.0
1991-11-23,75.0
1991-11-24,29.0
1991-11-25,21.0
1991-11-26,19.0
1991-11-27,18.0
1991-11-28,17.0
1991-11-29,16.0
1991-11-30,16.0
1991-12-01,60.0
1991-12-02,142.0
1991-12-03,218.0
1991-12-04,113.0
1991-12-05,51.0
1991-12-06,41.0
1991-12-07,36.0
1991-12-08,34.0
1991-12-09,53.0
1991-12-10,287.0
1991-12-11,65.0
1991-12-12,47.0
1991-12-13,43.0
1991-12-14,46.0
1991-12-15,35.0
1991-12-16,30.0
1991-12-17,28.0
1991-12-18,23.0
1991-12-19,21.0
1991-12-20,20.0
1991-12-21,22.0
1991-12-22,21.0
1991-12-23,22.0
1991-12-24,32.0
1991-12-25,23.0
1991-12-26,21.0
1991-12-27,21.0
1991-12-28,25.0
1991-12-29,220.0
1991-12-30,92.0
1991-12-31,45.0
1992-01-01,35.0
1992-01-02,31.0
1992-01-03,39.0
1992-01-04,336.0
1992-01-05,473.0
1992-01-06,79.0
1992-01-07,52.0
1992-01-08,41.0
1992-01-09,49.0
1992-01-10,46.0
1992-01-11,36.0
1992-01-12,31.0
1992-01-13,30.0
1992-01-14,56.0
1992-01-15,41.0
1992-01-16,31.0
1992-01-17,28.0
1992-01-18,28.0
1992-01-19,26.0
1992-01-20,26.0
1992-01-21,25.0
1992-01-22,25.0
1992-01-23,40.0
1992-01-24,58.0
1992-01-25,32.0
1992-01-26,30.0
1992-01-27,29.0
1992-01-28,28.0
1992-01-29,31.0
1992-01-30,30.0
1992-01-31,29.0
1992-02-01,27.0
1992-02-02,25.0
1992-02-03,24.0
1992-02-04,24.0
1992-02-05,25.0
1992-02-06,24.0
1992-02-07,23.0
1992-02-08,23.0
1992-02-09,23.0
1992-02-10,21.0
1992-02-11,22.0
1992-02-12,22.0
1992-02-13,23.0
1992-02-14,29.0
1992-02-15,76.0
1992-02-16,131.0
1992-02-17,49.0
1992-02-18,90.0
1992-02-19,68.0
1992-02-20,46.0
1992-02-21,37.0
1992-02-22,33.0
1992-02-23,31.0
1992-02-24,33.0
1992-02-25,36.0
1992-02-26,192.0
1992-02-27,69.0
1992-02-28,47.0
1992-02-29,40.0
1992-03-01,34.0
1992-03-02,35.0
1992-03-03,32.0
1992-03-04,30.0
1992-03-05,29.0
1992-03-06,34.0
1992-03-07,174.0
1992-03-08,69.0
1992-03-09,48.0
1992-03-10,50.0
1992-03-11,154.0
1992-03-12,60.0
1992-03-13,44.0
1992-03-14,39.0
1992-03-15,37.0
1992-03-16,34.0
1992-03-17,33.0
1992-03-18,34.0
1992-03-19,82.0
1992-03-20,50.0
1992-03-21,39.0
1992-03-22,38.0
1992-03-23,47.0
1992-03-24,35.0
1992-03-25,33.0
1992-03-26,170.0
1992-03-27,405.0
1992-03-28,88.0
1992-03-29,58.0
1992-03-30,49.0
1992-03-31,51.0
1992-04-01,44.0
1992-04-02,40.0
1992-04-03,36.0
1992-04-04,35.0
1992-04-05,34.0
1992-04-06,32.0
1992-04-07,32.0
1992-04-08,32.0
1992-04-09,32.0
1992-04-10,33.0
1992-04-11,32.0
1992-04-12,31.0
1992-04-13,29.0
1992-04-14,29.0
1992-04-15,29.0
1992-04-16,30.0
1992-04-17,32.0
1992-04-18,57.0
1992-04-19,68.0
1992-04-20,36.0
1992-04-21,138.0
1992-04-22,849.0
1992-04-23,127.0
1992-04-24,80.0
1992-04-25,74.0
1992-04-26,57.0
1992-04-27,110.0
1992-04-28,55.0
1992-04-29,46.0
1992-04-30,43.0
1992-05-01,42.0
1992-05-02,38.0
1992-05-03,39.0
1992-05-04,34.0
1992-05-05,32.0
1992-05-06,43.0
1992-05-07,32.0
1992-05-08,155.0
1992-05-09,191.0
1992-05-10,74.0
1992-05-11,49.0
1992-05-12,41.0
1992-05-13,37.0
1992-05-14,34.0
1992-05-15,155.0
1992-05-16,139.0
1992-05-17,60.0
1992-05-18,46.0
1992-05-19,40.0
1992-05-20,33.0
1992-05-21,30.0
1992-05-22,28.0
1992-05-23,27.0
1992-05-24,28.0
1992-05-25,38.0
1992-05-26,46.0
1992-05-27,47.0
1992-05-28,31.0
1992-05-29,26.0
1992-05-30,45.0
1992-05-31,205.0
1992-06-01,59.0
1992-06-02,38.0
1992-06-03,33.0
1992-06-04,29.0
1992-06-05,71.0
1992-06-06,91.0
1992-06-07,41.0
1992-06-08,46.0
1992-06-09,75.0
1992-06-10,35.0
1992-06-11,28.0
1992-06-12,25.0
1992-06-13,23.0
1992-06-14,21.0
1992-06-15,21.0
1992-06-16,20.0
1992-06-17,19.0
1992-06-18,17.0
1992-06-19,34.0
1992-06-20,56.0
1992-06-21,23.0
1992-06-22,19.0
1992-06-23,18.0
1992-06-24,18.0
1992-06-25,66.0
1992-06-26,109.0
1992-06-27,26.0
1992-06-28,20.0
1992-06-29,17.0
1992-06-30,17.0
1992-07-01,23.0
1992-07-02,20.0
1992-07-03,19.0
1992-07-04,23.0
1992-07-05,16.0
1992-07-06,32.0
1992-07-07,18.0
1992-07-08,15.0
1992-07-09,15.0
1992-07-10,14.0
1992-07-11,14.0
1992-07-12,14.0
1992-07-13,14.0
1992-07-14,15.0
1992-07-15,40.0
1992-07-16,16.0
1992-07-17,13.0
1992-07-18,12.0
1992-07-19,12.0
1992-07-20,12.0
1992-07-21,114.0
1992-07-22,60.0
1992-07-23,93.0
1992-07-24,463.0
1992-07-25,804.0
1992-07-26,88.0
1992-07-27,74.0
1992-07-28,69.0
1992-07-29,34.0
1992-07-30,27.0
1992-07-31,261.0
1992-08-01,179.0
1992-08-02,43.0
1992-08-03,32.0
1992-08-04,26.0
1992-08-05,27.0
1992-08-06,21.0
1992-08-07,20.0
1992-08-08,19.0
1992-08-09,20.0
1992-08-10,19.0
1992-08-11,32.0
1992-08-12,50.0
1992-08-13,26.0
1992-08-14,60.0
1992-08-15,69.0
1992-08-16,52.0
1992-08-17,33.0
1992-08-18,34.0
1992-08-19,25.0
1992-08-20,22.0
1992-08-21,21.0
1992-08-22,21.0
1992-08-23,21.0
1992-08-24,19.0
1992-08-25,18.0
1992-08-26,38.0
1992-08-27,20.0
1992-08-28,18.0
1992-08-29,26.0
1992-08-30,19.0
1992-08-31,18.0
1992-09-01,15.0
1992-09-02,15.0
1992-09-03,119.0
1992-09-04,25.0
1992-09-05,18.0
1992-09-06,206.0
1992-09-07,67.0
1992-09-08,34.0
1992-09-09,31.0
1992-09-10,36.0
1992-09-11,177.0
1992-09-12,37.0
1992-09-13,27.0
1992-09-14,23.0
1992-09-15,21.0
1992-09-16,21.0
1992-09-17,20.0
1992-09-18,19.0
1992-09-19,19.0
1992-09-20,17.0
1992-09-21,18.0
1992-09-22,43.0
1992-09-23,93.0
1992-09-24,23.0
1992-09-25,111.0
1992-09-26,452.0
1992-09-27,70.0
1992-09-28,57.0
1992-09-29,41.0
1992-09-30,33.0
1992-10-01,28.0
1992-10-02,28.0
1992-10-03,25.0
1992-10-04,24.0
1992-10-05,23.0
1992-10-06,22.0
1992-10-07,22.0
1992-10-08,22.0
1992-10-09,83.0
1992-10-10,180.0
1992-10-11,45.0
1992-10-12,44.0
1992-10-13,33.0
1992-10-14,27.0
1992-10-15,25.0
1992-10-16,22.0
1992-10-17,21.0
1992-10-18,20.0
1992-10-19,20.0
1992-10-20,20.0
1992-10-21,21.0
1992-10-22,21.0
1992-10-23,20.0
1992-10-24,52.0
1992-10-25,96.0
1992-10-26,34.0
1992-10-27,29.0
1992-10-28,28.0
1992-10-29,28.0
1992-10-30,29.0
1992-10-31,86.0
1992-11-01,45.0
1992-11-02,72.0
1992-11-03,434.0
1992-11-04,85.0
1992-11-05,80.0
1992-11-06,103.0
1992-11-07,57.0
1992-11-08,47.0
1992-11-09,38.0
1992-11-10,36.0
1992-11-11,35.0
1992-11-12,43.0
1992-11-13,305.0
1992-11-14,73.0
1992-11-15,53.0
1992-11-16,44.0
1992-11-17,40.0
1992-11-18,40.0
1992-11-19,40.0
1992-11-20,36.0
1992-11-21,35.0
1992-11-22,41.0
1992-11-23,733.0
1992-11-24,106.0
1992-11-25,71.0
1992-11-26,64.0
1992-11-27,52.0
1992-11-28,45.0
1992-11-29,42.0
1992-11-30,39.0
1992-12-01,37.0
1992-12-02,36.0
1992-12-03,34.0
1992-12-04,32.0
1992-12-05,35.0
1992-12-06,31.0
1992-12-07,31.0
1992-12-08,30.0
1992-12-09,29.0
1992-12-10,218.0
1992-12-11,947.0
1992-12-12,402.0
1992-12-13,110.0
1992-12-14,75.0
1992-12-15,62.0
1992-12-16,56.0
1992-12-17,100.0
1992-12-18,76.0
1992-12-19,56.0
1992-12-20,73.0
1992-12-21,59.0
1992-12-22,50.0
1992-12-23,65.0
1992-12-24,54.0
1992-12-25,44.0
1992-12-26,44.0
1992-12-27,40.0
1992-12-28,160.0
1992-12-29,141.0
1992-12-30,80.0
1992-12-31,64.0
1993-01-01,56.0
1993-01-02,49.0
1993-01-03,47.0
1993-01-04,47.0
1993-01-05,436.0
1993-01-06,113.0
1993-01-07,76.0
1993-01-08,140.0
1993-01-09,202.0
1993-01-10,110.0
1993-01-11,82.0
1993-01-12,106.0
1993-01-13,110.0
1993-01-14,81.0
1993-01-15,67.0
1993-01-16,63.0
1993-01-17,60.0
1993-01-18,55.0
1993-01-19,52.0
1993-01-20,50.0
1993-01-21,54.0
1993-01-22,156.0
1993-01-23,74.0
1993-01-24,62.0
1993-01-25,58.0
1993-01-26,53.0
1993-01-27,52.0
1993-01-28,51.0
1993-01-29,50.0
1993-01-30,48.0
1993-01-31,48.0
1993-02-01,46.0
1993-02-02,42.0
1993-02-03,42.0
1993-02-04,44.0
1993-02-05,43.0
1993-02-06,43.0
1993-02-07,41.0
1993-02-08,42.0
1993-02-09,41.0
1993-02-10,41.0
1993-02-11,41.0
1993-02-12,100.0
1993-02-13,149.0
1993-02-14,92.0
1993-02-15,62.0
1993-02-16,122.0
1993-02-17,100.0
1993-02-18,65.0
1993-02-19,54.0
1993-02-20,51.0
1993-02-21,58.0
1993-02-22,196.0
1993-02-23,122.0
1993-02-24,72.0
1993-02-25,58.0
1993-02-26,59.0
1993-02-27,61.0
1993-02-28,59.0
1993-03-01,55.0
1993-03-02,59.0
1993-03-03,60.0
1993-03-04,960.0
1993-03-05,526.0
1993-03-06,141.0
1993-03-07,97.0
1993-03-08,85.0
1993-03-09,77.0
1993-03-10,82.0
1993-03-11,85.0
1993-03-12,68.0
1993-03-13,98.0
1993-03-14,114.0
1993-03-15,97.0
1993-03-16,90.0
1993-03-17,723.0
1993-03-18,510.0
1993-03-19,143.0
1993-03-20,125.0
1993-03-21,344.0
1993-03-22,259.0
1993-03-23,238.0
1993-03-24,447.0
1993-03-25,154.0
1993-03-26,117.0
1993-03-27,278.0
1993-03-28,529.0
1993-03-29,166.0
1993-03-30,194.0
1993-03-31,122.0
1993-04-01,268.0
1993-04-02,280.0
1993-04-03,160.0
1993-04-04,115.0
1993-04-05,100.0
1993-04-06,92.0
1993-04-07,87.0
1993-04-08,85.0
1993-04-09,83.0
1993-04-10,235.0
1993-04-11,169.0
1993-04-12,103.0
1993-04-13,90.0
1993-04-14,86.0
1993-04-15,83.0
1993-04-16,729.0
1993-04-17,290.0
1993-04-18,115.0
1993-04-19,98.0
1993-04-20,90.0
1993-04-21,102.0
1993-04-22,310.0
1993-04-23,126.0
1993-04-24,97.0
1993-04-25,91.0
1993-04-26,162.0
1993-04-27,126.0
1993-04-28,90.0
1993-04-29,84.0
1993-04-30,80.0
1993-05-01,77.0
1993-05-02,73.0
1993-05-03,70.0
1993-05-04,69.0
1993-05-05,179.0
1993-05-06,145.0
1993-05-07,79.0
1993-05-08,69.0
1993-05-09,65.0
1993-05-10,63.0
1993-05-11,60.0
1993-05-12,106.0
1993-05-13,140.0
1993-05-14,70.0
1993-05-15,61.0
1993-05-16,128.0
1993-05-17,114.0
1993-05-18,83.0
1993-05-19,153.0
1993-05-20,86.0
1993-05-21,66.0
1993-05-22,60.0
1993-05-23,57.0
1993-05-24,55.0
1993-05-25,53.0
1993-05-26,51.0
1993-05-27,48.0
1993-05-28,45.0
1993-05-29,44.0
1993-05-30,43.0
1993-05-31,44.0
1993-06-01,143.0
1993-06-02,54.0
1993-06-03,76.0
1993-06-04,56.0
1993-06-05,82.0
1993-06-06,54.0
1993-06-07,47.0
1993-06-08,165.0
1993-06-09,66.0
1993-06-10,54.0
1993-06-11,46.0
1993-06-12,42.0
1993-06-13,41.0
1993-06-14,39.0
1993-06-15,37.0
1993-06-16,36.0
1993-06-17,34.0
1993-06-18,33.0
1993-06-19,34.0
1993-06-20,41.0
1993-06-21,32.0
1993-06-22,31.0
1993-06-23,28.0
1993-06-24,27.0
1993-06-25,26.0
1993-06-26,25.0
1993-06-27,30.0
1993-06-28,25.0
1993-06-29,29.0
1993-06-30,25.0
1993-07-01,28.0
1993-07-02,40.0
1993-07-03,61.0
1993-07-04,43.0
1993-07-05,26.0
1993-07-06,25.0
1993-07-07,96.0
1993-07-08,26.0
1993-07-09,21.0
1993-07-10,19.0
1993-07-11,17.0
1993-07-12,16.0
1993-07-13,16.0
1993-07-14,68.0
1993-07-15,80.0
1993-07-16,23.0
1993-07-17,18.0
1993-07-18,16.0
1993-07-19,15.0
1993-07-20,16.0
1993-07-21,15.0
1993-07-22,14.0
1993-07-23,13.0
1993-07-24,13.0
1993-07-25,13.0
1993-07-26,14.0
1993-07-27,14.0
1993-07-28,13.0
1993-07-29,13.0
1993-07-30,13.0
1993-07-31,13.0
1993-08-01,13.0
1993-08-02,16.0
1993-08-03,19.0
1993-08-04,109.0
1993-08-05,24.0
1993-08-06,468.0
1993-08-07,114.0
1993-08-08,44.0
1993-08-09,26.0
1993-08-10,22.0
1993-08-11,21.0
1993-08-12,97.0
1993-08-13,26.0
1993-08-14,21.0
1993-08-15,18.0
1993-08-16,17.0
1993-08-17,19.0
1993-08-18,52.0
1993-08-19,22.0
1993-08-20,18.0
1993-08-21,17.0
1993-08-22,16.0
1993-08-23,15.0
1993-08-24,14.0
1993-08-25,14.0
1993-08-26,14.0
1993-08-27,13.0
1993-08-28,19.0
1993-08-29,23.0
1993-08-30,13.0
1993-08-31,13.0
1993-09-01,12.0
1993-09-02,12.0
1993-09-03,12.0
1993-09-04,15.0
1993-09-05,15.0
1993-09-06,13.0
1993-09-07,12.0
1993-09-08,31.0
1993-09-09,19.0
1993-09-10,49.0
1993-09-11,15.0
1993-09-12,11.0
1993-09-13,10.0
1993-09-14,9.2
1993-09-15,8.6
1993-09-16,44.0
1993-09-17,51.0
1993-09-18,46.0
1993-09-19,23.0
1993-09-20,17.0
1993-09-21,60.0
1993-09-22,66.0
1993-09-23,21.0
1993-09-24,17.0
1993-09-25,23.0
1993-09-26,57.0
1993-09-27,142.0
1993-09-28,68.0
1993-09-29,25.0
1993-09-30,20.0
1993-10-01,18.0
1993-10-02,19.0
1993-10-03,18.0
1993-10-04,17.0
1993-10-05,15.0
1993-10-06,14.0
1993-10-07,13.0
1993-10-08,12.0
1993-10-09,15.0
1993-10-10,19.0
1993-10-11,16.0
1993-10-12,68.0
1993-10-13,24.0
1993-10-14,18.0
1993-10-15,17.0
1993-10-16,16.0
1993-10-17,16.0
1993-10-18,15.0
1993-10-19,15.0
1993-10-20,20.0
1993-10-21,38.0
1993-10-22,45.0
1993-10-23,20.0
1993-10-24,17.0
1993-10-25,16.0
1993-10-26,16.0
1993-10-27,16.0
1993-10-28,20.0
1993-10-29,16.0
1993-10-30,52.0
1993-10-31,62.0
1993-11-01,30.0
1993-11-02,21.0
1993-11-03,19.0
1993-11-04,18.0
1993-11-05,24.0
1993-11-06,28.0
1993-11-07,19.0
1993-11-08,18.0
1993-11-09,17.0
1993-11-10,17.0
1993-11-11,18.0
1993-11-12,18.0
1993-11-13,19.0
1993-11-14,30.0
1993-11-15,21.0
1993-11-16,19.0
1993-11-17,28.0
1993-11-18,95.0
1993-11-19,38.0
1993-11-20,32.0
1993-11-21,28.0
1993-11-22,26.0
1993-11-23,25.0
1993-11-24,24.0
1993-11-25,24.0
1993-11-26,23.0
1993-11-27,225.0
1993-11-28,2220.0
1993-11-29,132.0
1993-11-30,72.0
1993-12-01,56.0
1993-12-02,51.0
1993-12-03,47.0
1993-12-04,79.0
1993-12-05,781.0
1993-12-06,134.0
1993-12-07,76.0
1993-12-08,62.0
1993-12-09,55.0
1993-12-10,52.0
1993-12-11,56.0
1993-12-12,47.0
1993-12-13,43.0
1993-12-14,44.0
1993-12-15,99.0
1993-12-16,171.0
1993-12-17,67.0
1993-12-18,56.0
1993-12-19,60.0
1993-12-20,52.0
1993-12-21,181.0
1993-12-22,90.0
1993-12-23,69.0
1993-12-24,61.0
1993-12-25,58.0
1993-12-26,56.0
1993-12-27,52.0
1993-12-28,52.0
1993-12-29,53.0
1993-12-30,50.0
1993-12-31,48.0
1994-01-01,49.0
1994-01-02,52.0
1994-01-03,58.0
1994-01-04,153.0
1994-01-05,94.0
1994-01-06,68.0
1994-01-07,190.0
1994-01-08,356.0
1994-01-09,104.0
1994-01-10,83.0
1994-01-11,66.0
1994-01-12,192.0
1994-01-13,117.0
1994-01-14,89.0
1994-01-15,71.0
1994-01-16,62.0
1994-01-17,67.0
1994-01-18,184.0
1994-01-19,87.0
1994-01-20,65.0
1994-01-21,60.0
1994-01-22,61.0
1994-01-23,73.0
1994-01-24,194.0
1994-01-25,136.0
1994-01-26,169.0
1994-01-27,77.0
1994-01-28,361.0
1994-01-29,237.0
1994-01-30,111.0
1994-01-31,82.0
1994-02-01,74.0
1994-02-02,65.0
1994-02-03,61.0
1994-02-04,58.0
1994-02-05,59.0
1994-02-06,58.0
1994-02-07,59.0
1994-02-08,60.0
1994-02-09,96.0
1994-02-10,84.0
1994-02-11,69.0
1994-02-12,64.0
1994-02-13,59.0
1994-02-14,61.0
1994-02-15,64.0
1994-02-16,78.0
1994-02-17,112.0
1994-02-18,172.0
1994-02-19,308.0
1994-02-20,288.0
1994-02-21,251.0
1994-02-22,157.0
1994-02-23,817.0
1994-02-24,477.0
1994-02-25,162.0
1994-02-26,115.0
1994-02-27,90.0
1994-02-28,79.0
1994-03-01,80.0
1994-03-02,127.0
1994-03-03,580.0
1994-03-04,404.0
1994-03-05,324.0
1994-03-06,184.0
1994-03-07,137.0
1994-03-08,168.0
1994-03-09,147.0
1994-03-10,535.0
1994-03-11,169.0
1994-03-12,114.0
1994-03-13,102.0
1994-03-14,97.0
1994-03-15,91.0
1994-03-16,86.0
1994-03-17,80.0
1994-03-18,87.0
1994-03-19,89.0
1994-03-20,77.0
1994-03-21,90.0
1994-03-22,144.0
1994-03-23,89.0
1994-03-24,78.0
1994-03-25,139.0
1994-03-26,93.0
1994-03-27,578.0
1994-03-28,723.0
1994-03-29,667.0
1994-03-30,194.0
1994-03-31,136.0
1994-04-01,126.0
1994-04-02,104.0
1994-04-03,96.0
1994-04-04,90.0
1994-04-05,84.0
1994-04-06,94.0
1994-04-07,155.0
1994-04-08,92.0
1994-04-09,83.0
1994-04-10,94.0
1994-04-11,89.0
1994-04-12,79.0
1994-04-13,111.0
1994-04-14,98.0
1994-04-15,81.0
1994-04-16,264.0
1994-04-17,106.0
1994-04-18,84.0
1994-04-19,78.0
1994-04-20,73.0
1994-04-21,69.0
1994-04-22,66.0
1994-04-23,64.0
1994-04-24,63.0
1994-04-25,61.0
1994-04-26,59.0
1994-04-27,71.0
1994-04-28,70.0
1994-04-29,61.0
1994-04-30,62.0
1994-05-01,58.0
1994-05-02,53.0
1994-05-03,52.0
1994-05-04,72.0
1994-05-05,79.0
1994-05-06,58.0
1994-05-07,82.0
1994-05-08,230.0
1994-05-09,78.0
1994-05-10,63.0
1994-05-11,59.0
1994-05-12,60.0
1994-05-13,53.0
1994-05-14,49.0
1994-05-15,54.0
1994-05-16,102.0
1994-05-17,55.0
1994-05-18,50.0
1994-05-19,48.0
1994-05-20,51.0
1994-05-21,48.0
1994-05-22,45.0
1994-05-23,42.0
1994-05-24,40.0
1994-05-25,108.0
1994-05-26,59.0
1994-05-27,45.0
1994-05-28,38.0
1994-05-29,36.0
1994-05-30,35.0
1994-05-31,34.0
1994-06-01,34.0
1994-06-02,31.0
1994-06-03,31.0
1994-06-04,31.0
1994-06-05,30.0
1994-06-06,31.0
1994-06-07,31.0
1994-06-08,29.0
1994-06-09,27.0
1994-06-10,27.0
1994-06-11,27.0
1994-06-12,29.0
1994-06-13,28.0
1994-06-14,27.0
1994-06-15,25.0
1994-06-16,194.0
1994-06-17,107.0
1994-06-18,44.0
1994-06-19,47.0
1994-06-20,65.0
1994-06-21,68.0
1994-06-22,131.0
1994-06-23,42.0
1994-06-24,320.0
1994-06-25,243.0
1994-06-26,56.0
1994-06-27,44.0
1994-06-28,47.0
1994-06-29,42.0
1994-06-30,56.0
1994-07-01,46.0
1994-07-02,55.0
1994-07-03,343.0
1994-07-04,186.0
1994-07-05,59.0
1994-07-06,44.0
1994-07-07,60.0
1994-07-08,37.0
1994-07-09,42.0
1994-07-10,50.0
1994-07-11,31.0
1994-07-12,27.0
1994-07-13,26.0
1994-07-14,42.0
1994-07-15,115.0
1994-07-16,36.0
1994-07-17,58.0
1994-07-18,58.0
1994-07-19,31.0
1994-07-20,26.0
1994-07-21,29.0
1994-07-22,35.0
1994-07-23,24.0
1994-07-24,23.0
1994-07-25,24.0
1994-07-26,68.0
1994-07-27,190.0
1994-07-28,640.0
1994-07-29,88.0
1994-07-30,52.0
1994-07-31,36.0
1994-08-01,32.0
1994-08-02,44.0
1994-08-03,37.0
1994-08-04,27.0
1994-08-05,133.0
1994-08-06,58.0
1994-08-07,32.0
1994-08-08,27.0
1994-08-09,25.0
1994-08-10,23.0
1994-08-11,40.0
1994-08-12,156.0
1994-08-13,39.0
1994-08-14,73.0
1994-08-15,88.0
1994-08-16,72.0
1994-08-17,702.0
1994-08-18,494.0
1994-08-19,90.0
1994-08-20,60.0
1994-08-21,275.0
1994-08-22,190.0
1994-08-23,67.0
1994-08-24,49.0
1994-08-25,42.0
1994-08-26,53.0
1994-08-27,38.0
1994-08-28,35.0
1994-08-29,46.0
1994-08-30,40.0
1994-08-31,33.0
1994-09-01,31.0
1994-09-02,28.0
1994-09-03,27.0
1994-09-04,26.0
1994-09-05,25.0
1994-09-06,24.0
1994-09-07,24.0
1994-09-08,22.0
1994-09-09,22.0
1994-09-10,21.0
1994-09-11,20.0
1994-09-12,19.0
1994-09-13,20.0
1994-09-14,19.0
1994-09-15,18.0
1994-09-16,18.0
1994-09-17,21.0
1994-09-18,44.0
1994-09-19,21.0
1994-09-20,19.0
1994-09-21,18.0
1994-09-22,93.0
1994-09-23,101.0
1994-09-24,33.0
1994-09-25,26.0
1994-09-26,286.0
1994-09-27,298.0
1994-09-28,55.0
1994-09-29,39.0
1994-09-30,31.0
1994-10-01,29.0
1994-10-02,34.0
1994-10-03,29.0
1994-10-04,26.0
1994-10-05,26.0
1994-10-06,25.0
1994-10-07,25.0
1994-10-08,25.0
1994-10-09,33.0
1994-10-10,53.0
1994-10-11,27.0
1994-10-12,25.0
1994-10-13,24.0
1994-10-14,25.0
1994-10-15,25.0
1994-10-16,24.0
1994-10-17,24.0
1994-10-18,23.0
1994-10-19,23.0
1994-10-20,25.0
1994-10-21,25.0
1994-10-22,23.0
1994-10-23,76.0
1994-10-24,47.0
1994-10-25,29.0
1994-10-26,27.0
1994-10-27,26.0
1994-10-28,26.0
1994-10-29,26.0
1994-10-30,25.0
1994-10-31,25.0
1994-11-01,87.0
1994-11-02,68.0
1994-11-03,31.0
1994-11-04,29.0
1994-11-05,28.0
1994-11-06,28.0
1994-11-07,27.0
1994-11-08,25.0
1994-11-09,25.0
1994-11-10,40.0
1994-11-11,34.0
1994-11-12,27.0
1994-11-13,26.0
1994-11-14,26.0
1994-11-15,28.0
1994-11-16,27.0
1994-11-17,26.0
1994-11-18,29.0
1994-11-19,31.0
1994-11-20,27.0
1994-11-21,63.0
1994-11-22,65.0
1994-11-23,35.0
1994-11-24,30.0
1994-11-25,29.0
1994-11-26,28.0
1994-11-27,31.0
1994-11-28,84.0
1994-11-29,42.0
1994-11-30,35.0
1994-12-01,32.0
1994-12-02,30.0
1994-12-03,29.0
1994-12-04,30.0
1994-12-05,177.0
1994-12-06,64.0
1994-12-07,45.0
1994-12-08,38.0
1994-12-09,34.0
1994-12-10,64.0
1994-12-11,113.0
1994-12-12,49.0
1994-12-13,40.0
1994-12-14,38.0
1994-12-15,37.0
1994-12-16,36.0
1994-12-17,46.0
1994-12-18,41.0
1994-12-19,38.0
1994-12-20,35.0
1994-12-21,34.0
1994-12-22,34.0
1994-12-23,36.0
1994-12-24,35.0
1994-12-25,50.0
1994-12-26,36.0
1994-12-27,34.0
1994-12-28,33.0
1994-12-29,33.0
1994-12-30,32.0
1994-12-31,32.0
1995-01-01,71.0
1995-01-02,44.0
1995-01-03,37.0
1995-01-04,36.0
1995-01-05,34.0
1995-01-06,51.0
1995-01-07,320.0
1995-01-08,88.0
1995-01-09,60.0
1995-01-10,52.0
1995-01-11,50.0
1995-01-12,51.0
1995-01-13,48.0
1995-01-14,45.0
1995-01-15,349.0
1995-01-16,276.0
1995-01-17,83.0
1995-01-18,65.0
1995-01-19,59.0
1995-01-20,611.0
1995-01-21,125.0
1995-01-22,78.0
1995-01-23,65.0
1995-01-24,60.0
1995-01-25,56.0
1995-01-26,52.0
1995-01-27,50.0
1995-01-28,50.0
1995-01-29,54.0
1995-01-30,53.0
1995-01-31,53.0
1995-02-01,50.0
1995-02-02,53.0
1995-02-03,49.0
1995-02-04,46.0
1995-02-05,45.0
1995-02-06,44.0
1995-02-07,44.0
1995-02-08,42.0
1995-02-09,41.0
1995-02-10,41.0
1995-02-11,41.0
1995-02-12,40.0
1995-02-13,39.0
1995-02-14,38.0
1995-02-15,42.0
1995-02-16,67.0
1995-02-17,97.0
1995-02-18,70.0
1995-02-19,62.0
1995-02-20,63.0
1995-02-21,59.0
1995-02-22,51.0
1995-02-23,48.0
1995-02-24,46.0
1995-02-25,40.0
1995-02-26,40.0
1995-02-27,40.0
1995-02-28,129.0
1995-03-01,66.0
1995-03-02,54.0
1995-03-03,49.0
1995-03-04,47.0
1995-03-05,46.0
1995-03-06,49.0
1995-03-07,47.0
1995-03-08,281.0
1995-03-09,422.0
1995-03-10,113.0
1995-03-11,82.0
1995-03-12,73.0
1995-03-13,66.0
1995-03-14,61.0
1995-03-15,57.0
1995-03-16,55.0
1995-03-17,53.0
1995-03-18,52.0
1995-03-19,51.0
1995-03-20,49.0
1995-03-21,49.0
1995-03-22,46.0
1995-03-23,45.0
1995-03-24,46.0
1995-03-25,44.0
1995-03-26,43.0
1995-03-27,43.0
1995-03-28,42.0
1995-03-29,41.0
1995-03-30,40.0
1995-03-31,42.0
1995-04-01,42.0
1995-04-02,41.0
1995-04-03,40.0
1995-04-04,38.0
1995-04-05,36.0
1995-04-06,36.0
1995-04-07,38.0
1995-04-08,39.0
1995-04-09,43.0
1995-04-10,43.0
1995-04-11,40.0
1995-04-12,55.0
1995-04-13,189.0
1995-04-14,57.0
1995-04-15,45.0
1995-04-16,41.0
1995-04-17,39.0
1995-04-18,38.0
1995-04-19,39.0
1995-04-20,36.0
1995-04-21,36.0
1995-04-22,35.0
1995-04-23,32.0
1995-04-24,58.0
1995-04-25,40.0
1995-04-26,36.0
1995-04-27,33.0
1995-04-28,34.0
1995-04-29,28.0
1995-04-30,61.0
1995-05-01,53.0
1995-05-02,122.0
1995-05-03,57.0
1995-05-04,40.0
1995-05-05,40.0
1995-05-06,35.0
1995-05-07,32.0
1995-05-08,30.0
1995-05-09,29.0
1995-05-10,41.0
1995-05-11,209.0
1995-05-12,51.0
1995-05-13,38.0
1995-05-14,111.0
1995-05-15,66.0
1995-05-16,42.0
1995-05-17,65.0
1995-05-18,228.0
1995-05-19,421.0
1995-05-20,97.0
1995-05-21,59.0
1995-05-22,48.0
1995-05-23,41.0
1995-05-24,37.0
1995-05-25,38.0
1995-05-26,55.0
1995-05-27,41.0
1995-05-28,40.0
1995-05-29,106.0
1995-05-30,115.0
1995-05-31,44.0
1995-06-01,35.0
1995-06-02,35.0
1995-06-03,49.0
1995-06-04,72.0
1995-06-05,34.0
1995-06-06,31.0
1995-06-07,32.0
1995-06-08,42.0
1995-06-09,29.0
1995-06-10,27.0
1995-06-11,43.0
1995-06-12,157.0
1995-06-13,67.0
1995-06-14,37.0
1995-06-15,30.0
1995-06-16,26.0
1995-06-17,24.0
1995-06-18,23.0
1995-06-19,22.0
1995-06-20,21.0
1995-06-21,20.0
1995-06-22,19.0
1995-06-23,26.0
1995-06-24,278.0
1995-06-25,109.0
1995-06-26,110.0
1995-06-27,86.0
1995-06-28,58.0
1995-06-29,41.0
1995-06-30,35.0
1995-07-01,61.0
1995-07-02,56.0
1995-07-03,31.0
1995-07-04,48.0
1995-07-05,59.0
1995-07-06,107.0
1995-07-07,308.0
1995-07-08,201.0
1995-07-09,52.0
1995-07-10,64.0
1995-07-11,273.0
1995-07-12,59.0
1995-07-13,41.0
1995-07-14,32.0
1995-07-15,27.0
1995-07-16,34.0
1995-07-17,24.0
1995-07-18,31.0
1995-07-19,22.0
1995-07-20,19.0
1995-07-21,19.0
1995-07-22,19.0
1995-07-23,18.0
1995-07-24,18.0
1995-07-25,24.0
1995-07-26,17.0
1995-07-27,17.0
1995-07-28,20.0
1995-07-29,19.0
1995-07-30,17.0
1995-07-31,13.0
1995-08-01,13.0
1995-08-02,12.0
1995-08-03,12.0
1995-08-04,11.0
1995-08-05,14.0
1995-08-06,203.0
1995-08-07,52.0
1995-08-08,17.0
1995-08-09,13.0
1995-08-10,12.0
1995-08-11,11.0
1995-08-12,11.0
1995-08-13,9.7
1995-08-14,8.8
1995-08-15,8.1
1995-08-16,7.9
1995-08-17,7.9
1995-08-18,7.7
1995-08-19,6.8
1995-08-20,6.2
1995-08-21,6.3
1995-08-22,6.1
1995-08-23,5.8
1995-08-24,5.8
1995-08-25,5.9
1995-08-26,5.4
1995-08-27,6.4
1995-08-28,6.0
1995-08-29,6.6
1995-08-30,5.4
1995-08-31,4.6
1995-09-01,4.1
1995-09-02,3.8
1995-09-03,3.3
1995-09-04,3.3
1995-09-05,3.2
1995-09-06,3.4
1995-09-07,3.1
1995-09-08,3.0
1995-09-09,3.3
1995-09-10,13.0
1995-09-11,4.1
1995-09-12,3.2
1995-09-13,3.7
1995-09-14,4.0
1995-09-15,3.9
1995-09-16,3.8
1995-09-17,105.0
1995-09-18,16.0
1995-09-19,8.3
1995-09-20,6.6
1995-09-21,6.6
1995-09-22,18.0
1995-09-23,28.0
1995-09-24,9.8
1995-09-25,41.0
1995-09-26,59.0
1995-09-27,25.0
1995-09-28,12.0
1995-09-29,9.9
1995-09-30,8.9
1995-10-01,8.6
1995-10-02,8.4
1995-10-03,8.1
1995-10-04,8.0
1995-10-05,93.0
1995-10-06,37.0
1995-10-07,15.0
1995-10-08,11.0
1995-10-09,11.0
1995-10-10,10.0
1995-10-11,10.0
1995-10-12,10.0
1995-10-13,10.0
1995-10-14,161.0
1995-10-15,112.0
1995-10-16,23.0
1995-10-17,16.0
1995-10-18,15.0
1995-10-19,14.0
1995-10-20,14.0
1995-10-21,497.0
1995-10-22,61.0
1995-10-23,28.0
1995-10-24,21.0
1995-10-25,18.0
1995-10-26,17.0
1995-10-27,36.0
1995-10-28,150.0
1995-10-29,39.0
1995-10-30,26.0
1995-10-31,24.0
1995-11-01,30.0
1995-11-02,43.0
1995-11-03,33.0
1995-11-04,28.0
1995-11-05,23.0
1995-11-06,18.0
1995-11-07,33.0
1995-11-08,48.0
1995-11-09,24.0
1995-11-10,22.0
1995-11-11,107.0
1995-11-12,600.0
1995-11-13,85.0
1995-11-14,421.0
1995-11-15,372.0
1995-11-16,90.0
1995-11-17,60.0
1995-11-18,48.0
1995-11-19,43.0
1995-11-20,39.0
1995-11-21,37.0
1995-11-22,34.0
1995-11-23,31.0
1995-11-24,56.0
1995-11-25,37.0
1995-11-26,33.0
1995-11-27,32.0
1995-11-28,31.0
1995-11-29,127.0
1995-11-30,67.0
1995-12-01,49.0
1995-12-02,42.0
1995-12-03,37.0
1995-12-04,35.0
1995-12-05,33.0
1995-12-06,33.0
1995-12-07,32.0
1995-12-08,30.0
1995-12-09,36.0
1995-12-10,34.0
1995-12-11,28.0
1995-12-12,27.0
1995-12-13,27.0
1995-12-14,26.0
1995-12-15,31.0
1995-12-16,166.0
1995-12-17,75.0
1995-12-18,53.0
1995-12-19,226.0
1995-12-20,139.0
1995-12-21,71.0
1995-12-22,57.0
1995-12-23,50.0
1995-12-24,47.0
1995-12-25,44.0
1995-12-26,42.0
1995-12-27,39.0
1995-12-28,37.0
1995-12-29,36.0
1995-12-30,35.0
1995-12-31,33.0
1996-01-01,40.0
1996-01-02,227.0
1996-01-03,291.0
1996-01-04,85.0
1996-01-05,55.0
1996-01-06,43.0
1996-01-07,38.0
1996-01-08,62.0
1996-01-09,80.0
1996-01-10,74.0
1996-01-11,66.0
1996-01-12,64.0
1996-01-13,64.0
1996-01-14,57.0
1996-01-15,54.0
1996-01-16,52.0
1996-01-17,49.0
1996-01-18,121.0
1996-01-19,2100.0
1996-01-20,329.0
1996-01-21,205.0
1996-01-22,155.0
1996-01-23,130.0
1996-01-24,215.0
1996-01-25,235.0
1996-01-26,140.0
1996-01-27,430.0
1996-01-28,205.0
1996-01-29,145.0
1996-01-30,110.0
1996-01-31,96.0
1996-02-01,85.0
1996-02-02,74.0
1996-02-03,66.0
1996-02-04,60.0
1996-02-05,54.0
1996-02-06,48.0
1996-02-07,57.0
1996-02-08,90.0
1996-02-09,140.0
1996-02-10,145.0
1996-02-11,105.0
1996-02-12,80.0
1996-02-13,60.0
1996-02-14,60.0
1996-02-15,59.0
1996-02-16,60.0
1996-02-17,58.0
1996-02-18,56.0
1996-02-19,54.0
1996-02-20,136.0
1996-02-21,254.0
1996-02-22,100.0
1996-02-23,119.0
1996-02-24,84.0
1996-02-25,70.0
1996-02-26,66.0
1996-02-27,65.0
1996-02-28,65.0
1996-02-29,59.0
1996-03-01,54.0
1996-03-02,62.0
1996-03-03,61.0
1996-03-04,50.0
1996-03-05,54.0
1996-03-06,64.0
1996-03-07,130.0
1996-03-08,108.0
1996-03-09,75.0
1996-03-10,62.0
1996-03-11,63.0
1996-03-12,62.0
1996-03-13,60.0
1996-03-14,58.0
1996-03-15,74.0
1996-03-16,73.0
1996-03-17,64.0
1996-03-18,61.0
1996-03-19,251.0
1996-03-20,312.0
1996-03-21,99.0
1996-03-22,78.0
1996-03-23,69.0
1996-03-24,63.0
1996-03-25,62.0
1996-03-26,61.0
1996-03-27,57.0
1996-03-28,198.0
1996-03-29,297.0
1996-03-30,110.0
1996-03-31,86.0
1996-04-01,304.0
1996-04-02,573.0
1996-04-03,122.0
1996-04-04,96.0
1996-04-05,84.0
1996-04-06,77.0
1996-04-07,74.0
1996-04-08,70.0
1996-04-09,102.0
1996-04-10,127.0
1996-04-11,83.0
1996-04-12,74.0
1996-04-13,71.0
1996-04-14,67.0
1996-04-15,81.0
1996-04-16,312.0
1996-04-17,102.0
1996-04-18,81.0
1996-04-19,76.0
1996-04-20,72.0
1996-04-21,69.0
1996-04-22,67.0
1996-04-23,66.0
1996-04-24,69.0
1996-04-25,60.0
1996-04-26,61.0
1996-04-27,60.0
1996-04-28,55.0
1996-04-29,56.0
1996-04-30,116.0
1996-05-01,89.0
1996-05-02,63.0
1996-05-03,61.0
1996-05-04,65.0
1996-05-05,230.0
1996-05-06,380.0
1996-05-07,95.0
1996-05-08,178.0
1996-05-09,189.0
1996-05-10,103.0
1996-05-11,191.0
1996-05-12,219.0
1996-05-13,89.0
1996-05-14,74.0
1996-05-15,69.0
1996-05-16,124.0
1996-05-17,242.0
1996-05-18,127.0
1996-05-19,81.0
1996-05-20,68.0
1996-05-21,68.0
1996-05-22,105.0
1996-05-23,61.0
1996-05-24,54.0
1996-05-25,53.0
1996-05-26,57.0
1996-05-27,85.0
1996-05-28,155.0
1996-05-29,191.0
1996-05-30,111.0
1996-05-31,71.0
1996-06-01,62.0
1996-06-02,55.0
1996-06-03,53.0
1996-06-04,52.0
1996-06-05,48.0
1996-06-06,45.0
1996-06-07,43.0
1996-06-08,41.0
1996-06-09,45.0
1996-06-10,82.0
1996-06-11,65.0
1996-06-12,163.0
1996-06-13,83.0
1996-06-14,49.0
1996-06-15,82.0
1996-06-16,45.0
1996-06-17,41.0
1996-06-18,42.0
1996-06-19,84.0
1996-06-20,171.0
1996-06-21,67.0
1996-06-22,44.0
1996-06-23,39.0
1996-06-24,243.0
1996-06-25,162.0
1996-06-26,55.0
1996-06-27,44.0
1996-06-28,39.0
1996-06-29,35.0
1996-06-30,65.0
1996-07-01,167.0
1996-07-02,54.0
1996-07-03,47.0
1996-07-04,39.0
1996-07-05,34.0
1996-07-06,32.0
1996-07-07,31.0
1996-07-08,55.0
1996-07-09,40.0
1996-07-10,36.0
1996-07-11,29.0
1996-07-12,41.0
1996-07-13,381.0
1996-07-14,73.0
1996-07-15,46.0
1996-07-16,47.0
1996-07-17,34.0
1996-07-18,89.0
1996-07-19,401.0
1996-07-20,252.0
1996-07-21,63.0
1996-07-22,49.0
1996-07-23,48.0
1996-07-24,41.0
1996-07-25,78.0
1996-07-26,107.0
1996-07-27,45.0
1996-07-28,38.0
1996-07-29,52.0
1996-07-30,55.0
1996-07-31,69.0
1996-08-01,51.0
1996-08-02,39.0
1996-08-03,35.0
1996-08-04,33.0
1996-08-05,31.0
1996-08-06,108.0
1996-08-07,54.0
1996-08-08,34.0
1996-08-09,33.0
1996-08-10,37.0
1996-08-11,30.0
1996-08-12,99.0
1996-08-13,654.0
1996-08-14,88.0
1996-08-15,55.0
1996-08-16,64.0
1996-08-17,56.0
1996-08-18,41.0
1996-08-19,37.0
1996-08-20,34.0
1996-08-21,33.0
1996-08-22,44.0
1996-08-23,31.0
1996-08-24,30.0
1996-08-25,28.0
1996-08-26,27.0
1996-08-27,39.0
1996-08-28,53.0
1996-08-29,30.0
1996-08-30,27.0
1996-08-31,24.0
1996-09-01,25.0
1996-09-02,22.0
1996-09-03,23.0
1996-09-04,762.0
1996-09-05,416.0
1996-09-06,1070.0
1996-09-07,443.0
1996-09-08,139.0
1996-09-09,117.0
1996-09-10,106.0
1996-09-11,115.0
1996-09-12,74.0
1996-09-13,284.0
1996-09-14,88.0
1996-09-15,60.0
1996-09-16,121.0
1996-09-17,352.0
1996-09-18,85.0
1996-09-19,62.0
1996-09-20,54.0
1996-09-21,50.0
1996-09-22,100.0
1996-09-23,61.0
1996-09-24,49.0
1996-09-25,48.0
1996-09-26,44.0
1996-09-27,46.0
1996-09-28,51.0
1996-09-29,121.0
1996-09-30,47.0
1996-10-01,40.0
1996-10-02,94.0
1996-10-03,55.0
1996-10-04,41.0
1996-10-05,38.0
1996-10-06,38.0
1996-10-07,37.0
1996-10-08,302.0
1996-10-09,142.0
1996-10-10,107.0
1996-10-11,56.0
1996-10-12,49.0
1996-10-13,46.0
1996-10-14,44.0
1996-10-15,41.0
1996-10-16,40.0
1996-10-17,41.0
1996-10-18,211.0
1996-10-19,1220.0
1996-10-20,127.0
1996-10-21,82.0
1996-10-22,68.0
1996-10-23,63.0
1996-10-24,59.0
1996-10-25,56.0
1996-10-26,53.0
1996-10-27,53.0
1996-10-28,52.0
1996-10-29,50.0
1996-10-30,50.0
1996-10-31,49.0
1996-11-01,48.0
1996-11-02,48.0
1996-11-03,45.0
1996-11-04,44.0
1996-11-05,44.0
1996-11-06,45.0
1996-11-07,47.0
1996-11-08,585.0
1996-11-09,816.0
1996-11-10,111.0
1996-11-11,79.0
1996-11-12,68.0
1996-11-13,63.0
1996-11-14,63.0
1996-11-15,61.0
1996-11-16,58.0
1996-11-17,58.0
1996-11-18,58.0
1996-11-19,59.0
1996-11-20,55.0
1996-11-21,53.0
1996-11-22,52.0
1996-11-23,50.0
1996-11-24,50.0
1996-11-25,50.0
1996-11-26,271.0
1996-11-27,87.0
1996-11-28,64.0
1996-11-29,59.0
1996-11-30,58.0
1996-12-01,386.0
1996-12-02,434.0
1996-12-03,118.0
1996-12-04,88.0
1996-12-05,79.0
1996-12-06,570.0
1996-12-07,255.0
1996-12-08,184.0
1996-12-09,102.0
1996-12-10,86.0
1996-12-11,89.0
1996-12-12,92.0
1996-12-13,959.0
1996-12-14,225.0
1996-12-15,115.0
1996-12-16,98.0
1996-12-17,93.0
1996-12-18,87.0
1996-12-19,136.0
1996-12-20,93.0
1996-12-21,77.0
1996-12-22,75.0
1996-12-23,78.0
1996-12-24,81.0
1996-12-25,86.0
1996-12-26,72.0
1996-12-27,75.0
1996-12-28,71.0
1996-12-29,74.0
1996-12-30,71.0
1996-12-31,71.0
1997-01-01,65.0
1997-01-02,65.0
1997-01-03,66.0
1997-01-04,64.0
1997-01-05,64.0
1997-01-06,63.0
1997-01-07,60.0
1997-01-08,57.0
1997-01-09,65.0
1997-01-10,85.0
1997-01-11,78.0
1997-01-12,63.0
1997-01-13,58.0
1997-01-14,53.0
1997-01-15,60.0
1997-01-16,178.0
1997-01-17,87.0
1997-01-18,63.0
1997-01-19,53.0
1997-01-20,56.0
1997-01-21,59.0
1997-01-22,63.0
1997-01-23,87.0
1997-01-24,118.0
1997-01-25,580.0
1997-01-26,127.0
1997-01-27,97.0
1997-01-28,156.0
1997-01-29,108.0
1997-01-30,89.0
1997-01-31,88.0
1997-02-01,87.0
1997-02-02,81.0
1997-02-03,79.0
1997-02-04,89.0
1997-02-05,181.0
1997-02-06,100.0
1997-02-07,87.0
1997-02-08,100.0
1997-02-09,114.0
1997-02-10,100.0
1997-02-11,90.0
1997-02-12,87.0
1997-02-13,84.0
1997-02-14,154.0
1997-02-15,368.0
1997-02-16,149.0
1997-02-17,108.0
1997-02-18,97.0
1997-02-19,93.0
1997-02-20,88.0
1997-02-21,86.0
1997-02-22,87.0
1997-02-23,79.0
1997-02-24,78.0
1997-02-25,77.0
1997-02-26,79.0
1997-02-27,88.0
1997-02-28,78.0
1997-03-01,398.0
1997-03-02,154.0
1997-03-03,606.0
1997-03-04,344.0
1997-03-05,128.0
1997-03-06,115.0
1997-03-07,92.0
1997-03-08,87.0
1997-03-09,82.0
1997-03-10,84.0
1997-03-11,81.0
1997-03-12,75.0
1997-03-13,72.0
1997-03-14,126.0
1997-03-15,99.0
1997-03-16,77.0
1997-03-17,73.0
1997-03-18,81.0
1997-03-19,271.0
1997-03-20,129.0
1997-03-21,96.0
1997-03-22,88.0
1997-03-23,77.0
1997-03-24,74.0
1997-03-25,72.0
1997-03-26,141.0
1997-03-27,86.0
1997-03-28,77.0
1997-03-29,77.0
1997-03-30,75.0
1997-03-31,181.0
1997-04-01,87.0
1997-04-02,74.0
1997-04-03,71.0
1997-04-04,70.0
1997-04-05,68.0
1997-04-06,72.0
1997-04-07,75.0
1997-04-08,65.0
1997-04-09,63.0
1997-04-10,61.0
1997-04-11,63.0
1997-04-12,89.0
1997-04-13,101.0
1997-04-14,68.0
1997-04-15,64.0
1997-04-16,62.0
1997-04-17,73.0
1997-04-18,84.0
1997-04-19,63.0
1997-04-20,60.0
1997-04-21,67.0
1997-04-22,75.0
1997-04-23,65.0
1997-04-24,66.0
1997-04-25,62.0
1997-04-26,63.0
1997-04-27,74.0
1997-04-28,312.0
1997-04-29,93.0
1997-04-30,73.0
1997-05-01,67.0
1997-05-02,60.0
1997-05-03,60.0
1997-05-04,62.0
1997-05-05,54.0
1997-05-06,53.0
1997-05-07,50.0
1997-05-08,50.0
1997-05-09,69.0
1997-05-10,67.0
1997-05-11,54.0
1997-05-12,50.0
1997-05-13,48.0
1997-05-14,48.0
1997-05-15,47.0
1997-05-16,44.0
1997-05-17,43.0
1997-05-18,45.0
1997-05-19,43.0
1997-05-20,41.0
1997-05-21,38.0
1997-05-22,36.0
1997-05-23,35.0
1997-05-24,35.0
1997-05-25,191.0
1997-05-26,1140.0
1997-05-27,110.0
1997-05-28,71.0
1997-05-29,59.0
1997-05-30,60.0
1997-05-31,57.0
1997-06-01,56.0
1997-06-02,190.0
1997-06-03,109.0
1997-06-04,78.0
1997-06-05,60.0
1997-06-06,55.0
1997-06-07,53.0
1997-06-08,52.0
1997-06-09,49.0
1997-06-10,46.0
1997-06-11,43.0
1997-06-12,41.0
1997-06-13,67.0
1997-06-14,64.0
1997-06-15,51.0
1997-06-16,40.0
1997-06-17,38.0
1997-06-18,97.0
1997-06-19,126.0
1997-06-20,49.0
1997-06-21,40.0
1997-06-22,36.0
1997-06-23,35.0
1997-06-24,32.0
1997-06-25,31.0
1997-06-26,31.0
1997-06-27,46.0
1997-06-28,30.0
1997-06-29,28.0
1997-06-30,27.0
1997-07-01,27.0
1997-07-02,46.0
1997-07-03,34.0
1997-07-04,27.0
1997-07-05,24.0
1997-07-06,23.0
1997-07-07,23.0
1997-07-08,22.0
1997-07-09,22.0
1997-07-10,22.0
1997-07-11,20.0
1997-07-12,18.0
1997-07-13,18.0
1997-07-14,17.0
1997-07-15,17.0
1997-07-16,17.0
1997-07-17,16.0
1997-07-18,15.0
1997-07-19,18.0
1997-07-20,15.0
1997-07-21,14.0
1997-07-22,15.0
1997-07-23,17.0
1997-07-24,33.0
1997-07-25,22.0
1997-07-26,19.0
1997-07-27,17.0
1997-07-28,24.0
1997-07-29,35.0
1997-07-30,15.0
1997-07-31,13.0
1997-08-01,12.0
1997-08-02,11.0
1997-08-03,12.0
1997-08-04,14.0
1997-08-05,20.0
1997-08-06,16.0
1997-08-07,12.0
1997-08-08,11.0
1997-08-09,9.9
1997-08-10,9.2
1997-08-11,9.0
1997-08-12,8.7
1997-08-13,9.5
1997-08-14,9.2
1997-08-15,8.7
1997-08-16,8.2
1997-08-17,161.0
1997-08-18,131.0
1997-08-19,20.0
1997-08-20,292.0
1997-08-21,74.0
1997-08-22,27.0
1997-08-23,19.0
1997-08-24,17.0
1997-08-25,15.0
1997-08-26,15.0
1997-08-27,14.0
1997-08-28,14.0
1997-08-29,14.0
1997-08-30,13.0
1997-08-31,12.0
1997-09-01,12.0
1997-09-02,37.0
1997-09-03,60.0
1997-09-04,21.0
1997-09-05,14.0
1997-09-06,12.0
1997-09-07,12.0
1997-09-08,13.0
1997-09-09,15.0
1997-09-10,257.0
1997-09-11,167.0
1997-09-12,50.0
1997-09-13,26.0
1997-09-14,20.0
1997-09-15,18.0
1997-09-16,17.0
1997-09-17,17.0
1997-09-18,91.0
1997-09-19,27.0
1997-09-20,20.0
1997-09-21,17.0
1997-09-22,15.0
1997-09-23,15.0
1997-09-24,15.0
1997-09-25,14.0
1997-09-26,14.0
1997-09-27,13.0
1997-09-28,24.0
1997-09-29,65.0
1997-09-30,21.0
1997-10-01,15.0
1997-10-02,13.0
1997-10-03,13.0
1997-10-04,13.0
1997-10-05,13.0
1997-10-06,12.0
1997-10-07,12.0
1997-10-08,11.0
1997-10-09,12.0
1997-10-10,12.0
1997-10-11,11.0
1997-10-12,11.0
1997-10-13,12.0
1997-10-14,12.0
1997-10-15,20.0
1997-10-16,17.0
1997-10-17,16.0
1997-10-18,173.0
1997-10-19,35.0
1997-10-20,22.0
1997-10-21,18.0
1997-10-22,16.0
1997-10-23,19.0
1997-10-24,19.0
1997-10-25,155.0
1997-10-26,49.0
1997-10-27,149.0
1997-10-28,38.0
1997-10-29,25.0
1997-10-30,22.0
1997-10-31,21.0
1997-11-01,126.0
1997-11-02,122.0
1997-11-03,85.0
1997-11-04,39.0
1997-11-05,29.0
1997-11-06,26.0
1997-11-07,600.0
1997-11-08,721.0
1997-11-09,261.0
1997-11-10,92.0
1997-11-11,57.0
1997-11-12,45.0
1997-11-13,42.0
1997-11-14,197.0
1997-11-15,99.0
1997-11-16,54.0
1997-11-17,48.0
1997-11-18,51.0
1997-11-19,47.0
1997-11-20,42.0
1997-11-21,48.0
1997-11-22,122.0
1997-11-23,58.0
1997-11-24,47.0
1997-11-25,43.0
1997-11-26,43.0
1997-11-27,40.0
1997-11-28,38.0
1997-11-29,36.0
1997-11-30,33.0
1997-12-01,39.0
1997-12-02,39.0
1997-12-03,30.0
1997-12-04,32.0
1997-12-05,33.0
1997-12-06,31.0
1997-12-07,30.0
1997-12-08,30.0
1997-12-09,32.0
1997-12-10,45.0
1997-12-11,53.0
1997-12-12,36.0
1997-12-13,32.0
1997-12-14,31.0
1997-12-15,31.0
1997-12-16,30.0
1997-12-17,30.0
1997-12-18,29.0
1997-12-19,29.0
1997-12-20,28.0
1997-12-21,28.0
1997-12-22,35.0
1997-12-23,72.0
1997-12-24,44.0
1997-12-25,139.0
1997-12-26,60.0
1997-12-27,57.0
1997-12-28,77.0
1997-12-29,54.0
1997-12-30,60.0
1997-12-31,56.0
1998-01-01,44.0
1998-01-02,43.0
1998-01-03,45.0
1998-01-04,44.0
1998-01-05,41.0
1998-01-06,41.0
1998-01-07,52.0
1998-01-08,95.0
1998-01-09,63.0
1998-01-10,50.0
1998-01-11,44.0
1998-01-12,42.0
1998-01-13,44.0
1998-01-14,40.0
1998-01-15,112.0
1998-01-16,217.0
1998-01-17,73.0
1998-01-18,65.0
1998-01-19,55.0
1998-01-20,51.0
1998-01-21,47.0
1998-01-22,45.0
1998-01-23,634.0
1998-01-24,290.0
1998-01-25,120.0
1998-01-26,75.0
1998-01-27,66.0
1998-01-28,1380.0
1998-01-29,419.0
1998-01-30,115.0
1998-01-31,76.0
1998-02-01,73.0
1998-02-02,67.0
1998-02-03,68.0
1998-02-04,676.0
1998-02-05,1480.0
1998-02-06,224.0
1998-02-07,126.0
1998-02-08,99.0
1998-02-09,93.0
1998-02-10,86.0
1998-02-11,71.0
1998-02-12,131.0
1998-02-13,75.0
1998-02-14,67.0
1998-02-15,63.0
1998-02-16,61.0
1998-02-17,333.0
1998-02-18,484.0
1998-02-19,136.0
1998-02-20,102.0
1998-02-21,90.0
1998-02-22,78.0
1998-02-23,325.0
1998-02-24,880.0
1998-02-25,185.0
1998-02-26,116.0
1998-02-27,99.0
1998-02-28,91.0
1998-03-01,84.0
1998-03-02,93.0
1998-03-03,387.0
1998-03-04,121.0
1998-03-05,94.0
1998-03-06,85.0
1998-03-07,80.0
1998-03-08,184.0
1998-03-09,499.0
1998-03-10,155.0
1998-03-11,100.0
1998-03-12,89.0
1998-03-13,82.0
1998-03-14,81.0
1998-03-15,76.0
1998-03-16,74.0
1998-03-17,72.0
1998-03-18,227.0
1998-03-19,753.0
1998-03-20,212.0
1998-03-21,1510.0
1998-03-22,275.0
1998-03-23,151.0
1998-03-24,120.0
1998-03-25,106.0
1998-03-26,100.0
1998-03-27,96.0
1998-03-28,92.0
1998-03-29,87.0
1998-03-30,84.0
1998-03-31,82.0
1998-04-01,117.0
1998-04-02,360.0
1998-04-03,108.0
1998-04-04,168.0
1998-04-05,112.0
1998-04-06,89.0
1998-04-07,84.0
1998-04-08,82.0
1998-04-09,373.0
1998-04-10,217.0
1998-04-11,112.0
1998-04-12,93.0
1998-04-13,86.0
1998-04-14,84.0
1998-04-15,82.0
1998-04-16,78.0
1998-04-17,135.0
1998-04-18,124.0
1998-04-19,131.0
1998-04-20,247.0
1998-04-21,101.0
1998-04-22,86.0
1998-04-23,82.0
1998-04-24,78.0
1998-04-25,73.0
1998-04-26,70.0
1998-04-27,82.0
1998-04-28,69.0
1998-04-29,67.0
1998-04-30,66.0
1998-05-01,108.0
1998-05-02,216.0
1998-05-03,230.0
1998-05-04,195.0
1998-05-05,118.0
1998-05-06,215.0
1998-05-07,103.0
1998-05-08,402.0
1998-05-09,144.0
1998-05-10,107.0
1998-05-11,104.0
1998-05-12,227.0
1998-05-13,155.0
1998-05-14,93.0
1998-05-15,79.0
1998-05-16,71.0
1998-05-17,67.0
1998-05-18,63.0
1998-05-19,59.0
1998-05-20,57.0
1998-05-21,54.0
1998-05-22,51.0
1998-05-23,50.0
1998-05-24,49.0
1998-05-25,64.0
1998-05-26,49.0
1998-05-27,47.0
1998-05-28,47.0
1998-05-29,44.0
1998-05-30,42.0
1998-05-31,40.0
1998-06-01,40.0
1998-06-02,38.0
1998-06-03,50.0
1998-06-04,36.0
1998-06-05,36.0
1998-06-06,36.0
1998-06-07,33.0
1998-06-08,31.0
1998-06-09,30.0
1998-06-10,56.0
1998-06-11,44.0
1998-06-12,231.0
1998-06-13,196.0
1998-06-14,114.0
1998-06-15,185.0
1998-06-16,265.0
1998-06-17,83.0
1998-06-18,54.0
1998-06-19,48.0
1998-06-20,102.0
1998-06-21,49.0
1998-06-22,45.0
1998-06-23,50.0
1998-06-24,154.0
1998-06-25,53.0
1998-06-26,42.0
1998-06-27,38.0
1998-06-28,109.0
1998-06-29,59.0
1998-06-30,45.0
1998-07-01,48.0
1998-07-02,35.0
1998-07-03,33.0
1998-07-04,32.0
1998-07-05,32.0
1998-07-06,29.0
1998-07-07,28.0
1998-07-08,91.0
1998-07-09,51.0
1998-07-10,34.0
1998-07-11,29.0
1998-07-12,27.0
1998-07-13,26.0
1998-07-14,25.0
1998-07-15,25.0
1998-07-16,25.0
1998-07-17,24.0
1998-07-18,33.0
1998-07-19,23.0
1998-07-20,22.0
1998-07-21,24.0
1998-07-22,37.0
1998-07-23,22.0
1998-07-24,23.0
1998-07-25,19.0
1998-07-26,21.0
1998-07-27,20.0
1998-07-28,18.0
1998-07-29,18.0
1998-07-30,17.0
1998-07-31,58.0
1998-08-01,26.0
1998-08-02,18.0
1998-08-03,16.0
1998-08-04,15.0
1998-08-05,13.0
1998-08-06,12.0
1998-08-07,12.0
1998-08-08,12.0
1998-08-09,12.0
1998-08-10,175.0
1998-08-11,83.0
1998-08-12,29.0
1998-08-13,19.0
1998-08-14,17.0
1998-08-15,16.0
1998-08-16,15.0
1998-08-17,15.0
1998-08-18,19.0
1998-08-19,13.0
1998-08-20,12.0
1998-08-21,11.0
1998-08-22,11.0
1998-08-23,10.0
1998-08-24,10.0
1998-08-25,9.4
1998-08-26,8.3
1998-08-27,8.3
1998-08-28,8.6
1998-08-29,7.3
1998-08-30,6.9
1998-08-31,6.3
1998-09-01,6.1
1998-09-02,8.2
1998-09-03,7.3
1998-09-04,6.3
1998-09-05,6.0
1998-09-06,5.5
1998-09-07,5.4
1998-09-08,28.0
1998-09-09,10.0
1998-09-10,5.9
1998-09-11,5.7
1998-09-12,5.3
1998-09-13,6.4
1998-09-14,5.3
1998-09-15,5.3
1998-09-16,5.0
1998-09-17,7.5
1998-09-18,45.0
1998-09-19,12.0
1998-09-20,7.7
1998-09-21,7.2
1998-09-22,65.0
1998-09-23,19.0
1998-09-24,8.2
1998-09-25,6.4
1998-09-26,7.8
1998-09-27,6.9
1998-09-28,7.3
1998-09-29,5.6
1998-09-30,7.5
1998-10-01,6.2
1998-10-02,4.7
1998-10-03,4.1
1998-10-04,5.0
1998-10-05,5.8
1998-10-06,6.5
1998-10-07,7.9
1998-10-08,111.0
1998-10-09,51.0
1998-10-10,16.0
1998-10-11,10.0
1998-10-12,7.0
1998-10-13,7.2
1998-10-14,7.8
1998-10-15,9.0
1998-10-16,8.0
1998-10-17,8.2
1998-10-18,7.6
1998-10-19,8.0
1998-10-20,8.5
1998-10-21,9.4
1998-10-22,8.6
1998-10-23,9.6
1998-10-24,10.0
1998-10-25,9.4
1998-10-26,9.0
1998-10-27,9.2
1998-10-28,10.0
1998-10-29,12.0
1998-10-30,14.0
1998-10-31,13.0
1998-11-01,12.0
1998-11-02,11.0
1998-11-03,17.0
1998-11-04,15.0
1998-11-05,9.5
1998-11-06,9.9
1998-11-07,10.0
1998-11-08,11.0
1998-11-09,12.0
1998-11-10,13.0
1998-11-11,45.0
1998-11-12,19.0
1998-11-13,12.0
1998-11-14,10.0
1998-11-15,9.4
1998-11-16,9.0
1998-11-17,9.2
1998-11-18,11.0
1998-11-19,10.0
1998-11-20,9.8
1998-11-21,14.0
1998-11-22,11.0
1998-11-23,10.0
1998-11-24,9.5
1998-11-25,17.0
1998-11-26,69.0
1998-11-27,26.0
1998-11-28,14.0
1998-11-29,12.0
1998-11-30,11.0
1998-12-01,11.0
1998-12-02,11.0
1998-12-03,12.0
1998-12-04,12.0
1998-12-05,12.0
1998-12-06,12.0
1998-12-07,12.0
1998-12-08,19.0
1998-12-09,67.0
1998-12-10,26.0
1998-12-11,17.0
1998-12-12,15.0
1998-12-13,41.0
1998-12-14,33.0
1998-12-15,19.0
1998-12-16,16.0
1998-12-17,16.0
1998-12-18,15.0
1998-12-19,18.0
1998-12-20,14.0
1998-12-21,16.0
1998-12-22,17.0
1998-12-23,17.0
1998-12-24,17.0
1998-12-25,18.0
1998-12-26,15.0
1998-12-27,13.0
1998-12-28,16.0
1998-12-29,17.0
1998-12-30,22.0
1998-12-31,16.0
1999-01-01,13.0
1999-01-02,12.0
1999-01-03,342.0
1999-01-04,87.0
1999-01-05,44.0
1999-01-06,27.0
1999-01-07,22.0
1999-01-08,19.0
1999-01-09,50.0
1999-01-10,61.0
1999-01-11,40.0
1999-01-12,26.0
1999-01-13,41.0
1999-01-14,45.0
1999-01-15,150.0
1999-01-16,90.0
1999-01-17,52.0
1999-01-18,189.0
1999-01-19,88.0
1999-01-20,70.0
1999-01-21,105.0
1999-01-22,108.0
1999-01-23,65.0
1999-01-24,513.0
1999-01-25,138.0
1999-01-26,62.0
1999-01-27,48.0
1999-01-28,43.0
1999-01-29,39.0
1999-01-30,36.0
1999-01-31,28.0
1999-02-01,27.0
1999-02-02,100.0
1999-02-03,51.0
1999-02-04,37.0
1999-02-05,36.0
1999-02-06,33.0
1999-02-07,32.0
1999-02-08,30.0
1999-02-09,29.0
1999-02-10,29.0
1999-02-11,27.0
1999-02-12,51.0
1999-02-13,92.0
1999-02-14,38.0
1999-02-15,33.0
1999-02-16,31.0
1999-02-17,36.0
1999-02-18,241.0
1999-02-19,85.0
1999-02-20,49.0
1999-02-21,40.0
1999-02-22,35.0
1999-02-23,32.0
1999-02-24,32.0
1999-02-25,32.0
1999-02-26,32.0
1999-02-27,30.0
1999-02-28,98.0
1999-03-01,95.0
1999-03-02,46.0
1999-03-03,44.0
1999-03-04,174.0
1999-03-05,57.0
1999-03-06,51.0
1999-03-07,63.0
1999-03-08,40.0
1999-03-09,43.0
1999-03-10,53.0
1999-03-11,54.0
1999-03-12,58.0
1999-03-13,65.0
1999-03-14,93.0
1999-03-15,432.0
1999-03-16,226.0
1999-03-17,157.0
1999-03-18,112.0
1999-03-19,67.0
1999-03-20,54.0
1999-03-21,97.0
1999-03-22,161.0
1999-03-23,67.0
1999-03-24,56.0
1999-03-25,51.0
1999-03-26,45.0
1999-03-27,43.0
1999-03-28,42.0
1999-03-29,40.0
1999-03-30,38.0
1999-03-31,37.0
1999-04-01,49.0
1999-04-02,53.0
1999-04-03,41.0
1999-04-04,49.0
1999-04-05,94.0
1999-04-06,49.0
1999-04-07,42.0
1999-04-08,38.0
1999-04-09,44.0
1999-04-10,78.0
1999-04-11,97.0
1999-04-12,70.0
1999-04-13,47.0
1999-04-14,42.0
1999-04-15,39.0
1999-04-16,50.0
1999-04-17,39.0
1999-04-18,36.0
1999-04-19,35.0
1999-04-20,35.0
1999-04-21,41.0
1999-04-22,49.0
1999-04-23,58.0
1999-04-24,92.0
1999-04-25,44.0
1999-04-26,39.0
1999-04-27,36.0
1999-04-28,35.0
1999-04-29,35.0
1999-04-30,33.0
1999-05-01,33.0
1999-05-02,31.0
1999-05-03,31.0
1999-05-04,32.0
1999-05-05,28.0
1999-05-06,28.0
1999-05-07,36.0
1999-05-08,216.0
1999-05-09,64.0
1999-05-10,46.0
1999-05-11,27.0
1999-05-12,25.0
1999-05-13,24.0
1999-05-14,23.0
1999-05-15,22.0
1999-05-16,22.0
1999-05-17,22.0
1999-05-18,22.0
1999-05-19,22.0
1999-05-20,20.0
1999-05-21,19.0
1999-05-22,19.0
1999-05-23,54.0
1999-05-24,110.0
1999-05-25,48.0
1999-05-26,25.0
1999-05-27,21.0
1999-05-28,19.0
1999-05-29,19.0
1999-05-30,18.0
1999-05-31,17.0
1999-06-01,16.0
1999-06-02,16.0
1999-06-03,15.0
1999-06-04,14.0
1999-06-05,12.0
1999-06-06,12.0
1999-06-07,12.0
1999-06-08,12.0
1999-06-09,10.0
1999-06-10,9.7
1999-06-11,11.0
1999-06-12,11.0
1999-06-13,17.0
1999-06-14,54.0
1999-06-15,61.0
1999-06-16,18.0
1999-06-17,15.0
1999-06-18,17.0
1999-06-19,13.0
1999-06-20,69.0
1999-06-21,41.0
1999-06-22,22.0
1999-06-23,17.0
1999-06-24,14.0
1999-06-25,11.0
1999-06-26,12.0
1999-06-27,10.0
1999-06-28,18.0
1999-06-29,51.0
1999-06-30,29.0
1999-07-01,27.0
1999-07-02,38.0
1999-07-03,17.0
1999-07-04,12.0
1999-07-05,10.0
1999-07-06,7.8
1999-07-07,11.0
1999-07-08,6.2
1999-07-09,5.5
1999-07-10,5.0
1999-07-11,6.0
1999-07-12,4.7
1999-07-13,8.6
1999-07-14,5.8
1999-07-15,4.9
1999-07-16,4.4
1999-07-17,4.0
1999-07-18,3.9
1999-07-19,3.4
1999-07-20,3.3
1999-07-21,3.3
1999-07-22,3.3
1999-07-23,3.3
1999-07-24,3.0
1999-07-25,6.8
1999-07-26,45.0
1999-07-27,7.2
1999-07-28,4.5
1999-07-29,3.9
1999-07-30,3.7
1999-07-31,5.1
1999-08-01,3.6
1999-08-02,2.9
1999-08-03,3.0
1999-08-04,2.3
1999-08-05,2.1
1999-08-06,1.9
1999-08-07,1.3
1999-08-08,1.3
1999-08-09,1.5
1999-08-10,1.8
1999-08-11,1.4
1999-08-12,1.2
1999-08-13,0.93
1999-08-14,29.0
1999-08-15,33.0
1999-08-16,7.2
1999-08-17,4.6
1999-08-18,3.6
1999-08-19,2.8
1999-08-20,8.8
1999-08-21,6.5
1999-08-22,12.0
1999-08-23,4.8
1999-08-24,21.0
1999-08-25,138.0
1999-08-26,129.0
1999-08-27,131.0
1999-08-28,43.0
1999-08-29,16.0
1999-08-30,8.9
1999-08-31,6.3
1999-09-01,6.0
1999-09-02,5.9
1999-09-03,5.6
1999-09-04,100.0
1999-09-05,245.0
1999-09-06,56.0
1999-09-07,100.0
1999-09-08,49.0
1999-09-09,222.0
1999-09-10,342.0
1999-09-11,36.0
1999-09-12,17.0
1999-09-13,13.0
1999-09-14,11.0
1999-09-15,29.0
1999-09-16,1060.0
1999-09-17,175.0
1999-09-18,40.0
1999-09-19,25.0
1999-09-20,21.0
1999-09-21,392.0
1999-09-22,204.0
1999-09-23,49.0
1999-09-24,30.0
1999-09-25,24.0
1999-09-26,21.0
1999-09-27,20.0
1999-09-28,38.0
1999-09-29,27.0
1999-09-30,594.0
1999-10-01,79.0
1999-10-02,38.0
1999-10-03,29.0
1999-10-04,84.0
1999-10-05,144.0
1999-10-06,42.0
1999-10-07,31.0
1999-10-08,27.0
1999-10-09,25.0
1999-10-10,136.0
1999-10-11,68.0
1999-10-12,35.0
1999-10-13,28.0
1999-10-14,27.0
1999-10-15,24.0
1999-10-16,23.0
1999-10-17,24.0
1999-10-18,38.0
1999-10-19,25.0
1999-10-20,76.0
1999-10-21,46.0
1999-10-22,30.0
1999-10-23,33.0
1999-10-24,26.0
1999-10-25,23.0
1999-10-26,23.0
1999-10-27,23.0
1999-10-28,23.0
1999-10-29,22.0
1999-10-30,24.0
1999-10-31,24.0
1999-11-01,24.0
1999-11-02,89.0
1999-11-03,111.0
1999-11-04,35.0
1999-11-05,28.0
1999-11-06,26.0
1999-11-07,25.0
1999-11-08,23.0
1999-11-09,23.0
1999-11-10,24.0
1999-11-11,24.0
1999-11-12,24.0
1999-11-13,27.0
1999-11-14,25.0
1999-11-15,24.0
1999-11-16,24.0
1999-11-17,23.0
1999-11-18,22.0
1999-11-19,21.0
1999-11-20,21.0
1999-11-21,21.0
1999-11-22,21.0
1999-11-23,22.0
1999-11-24,22.0
1999-11-25,21.0
1999-11-26,97.0
1999-11-27,256.0
1999-11-28,55.0
1999-11-29,36.0
1999-11-30,31.0
1999-12-01,28.0
1999-12-02,27.0
1999-12-03,26.0
1999-12-04,26.0
1999-12-05,25.0
1999-12-06,109.0
1999-12-07,60.0
1999-12-08,35.0
1999-12-09,31.0
1999-12-10,92.0
1999-12-11,77.0
1999-12-12,40.0
1999-12-13,51.0
1999-12-14,487.0
1999-12-15,148.0
1999-12-16,66.0
1999-12-17,48.0
1999-12-18,41.0
1999-12-19,38.0
1999-12-20,44.0
1999-12-21,51.0
1999-12-22,40.0
1999-12-23,36.0
1999-12-24,33.0
1999-12-25,31.0
1999-12-26,30.0
1999-12-27,31.0
1999-12-28,30.0
1999-12-29,29.0
1999-12-30,29.0
1999-12-31,28.0
2000-01-01,28.0
2000-01-02,28.0
2000-01-03,28.0
2000-01-04,101.0
2000-01-05,136.0
2000-01-06,44.0
2000-01-07,36.0
2000-01-08,33.0
2000-01-09,32.0
2000-01-10,91.0
2000-01-11,76.0
2000-01-12,42.0
2000-01-13,36.0
2000-01-14,32.0
2000-01-15,30.0
2000-01-16,29.0
2000-01-17,27.0
2000-01-18,25.0
2000-01-19,23.0
2000-01-20,28.0
2000-01-21,24.0
2000-01-22,21.0
2000-01-23,24.0
2000-01-24,27.0
2000-01-25,25.0
2000-01-26,23.0
2000-01-27,20.0
2000-01-28,19.0
2000-01-29,22.0
2000-01-30,26.0
2000-01-31,23.0
2000-02-01,18.0
2000-02-02,16.0
2000-02-03,20.0
2000-02-04,23.0
2000-02-05,25.0
2000-02-06,26.0
2000-02-07,31.0
2000-02-08,35.0
2000-02-09,27.0
2000-02-10,33.0
2000-02-11,45.0
2000-02-12,108.0
2000-02-13,54.0
2000-02-14,59.0
2000-02-15,65.0
2000-02-16,47.0
2000-02-17,43.0
2000-02-18,219.0
2000-02-19,345.0
2000-02-20,94.0
2000-02-21,59.0
2000-02-22,48.0
2000-02-23,45.0
2000-02-24,47.0
2000-02-25,41.0
2000-02-26,39.0
2000-02-27,40.0
2000-02-28,293.0
2000-02-29,77.0
2000-03-01,53.0
2000-03-02,50.0
2000-03-03,42.0
2000-03-04,41.0
2000-03-05,39.0
2000-03-06,37.0
2000-03-07,36.0
2000-03-08,37.0
2000-03-09,37.0
2000-03-10,37.0
2000-03-11,45.0
2000-03-12,75.0
2000-03-13,43.0
2000-03-14,37.0
2000-03-15,36.0
2000-03-16,35.0
2000-03-17,79.0
2000-03-18,44.0
2000-03-19,37.0
2000-03-20,36.0
2000-03-21,371.0
2000-03-22,342.0
2000-03-23,108.0
2000-03-24,74.0
2000-03-25,78.0
2000-03-26,106.0
2000-03-27,65.0
2000-03-28,147.0
2000-03-29,84.0
2000-03-30,59.0
2000-03-31,54.0
2000-04-01,49.0
2000-04-02,49.0
2000-04-03,53.0
2000-04-04,99.0
2000-04-05,61.0
2000-04-06,49.0
2000-04-07,46.0
2000-04-08,114.0
2000-04-09,345.0
2000-04-10,80.0
2000-04-11,58.0
2000-04-12,54.0
2000-04-13,46.0
2000-04-14,45.0
2000-04-15,46.0
2000-04-16,50.0
2000-04-17,853.0
2000-04-18,583.0
2000-04-19,176.0
2000-04-20,94.0
2000-04-21,75.0
2000-04-22,86.0
2000-04-23,63.0
2000-04-24,55.0
2000-04-25,80.0
2000-04-26,67.0
2000-04-27,52.0
2000-04-28,51.0
2000-04-29,48.0
2000-04-30,44.0
2000-05-01,42.0
2000-05-02,42.0
2000-05-03,39.0
2000-05-04,38.0
2000-05-05,37.0
2000-05-06,36.0
2000-05-07,34.0
2000-05-08,33.0
2000-05-09,31.0
2000-05-10,47.0
2000-05-11,64.0
2000-05-12,33.0
2000-05-13,31.0
2000-05-14,31.0
2000-05-15,27.0
2000-05-16,26.0
2000-05-17,26.0
2000-05-18,25.0
2000-05-19,36.0
2000-05-20,45.0
2000-05-21,41.0
2000-05-22,155.0
2000-05-23,60.0
2000-05-24,47.0
2000-05-25,36.0
2000-05-26,30.0
2000-05-27,30.0
2000-05-28,36.0
2000-05-29,39.0
2000-05-30,30.0
2000-05-31,28.0
2000-06-01,28.0
2000-06-02,40.0
2000-06-03,62.0
2000-06-04,28.0
2000-06-05,26.0
2000-06-06,55.0
2000-06-07,34.0
2000-06-08,25.0
2000-06-09,24.0
2000-06-10,22.0
2000-06-11,21.0
2000-06-12,21.0
2000-06-13,24.0
2000-06-14,24.0
2000-06-15,45.0
2000-06-16,124.0
2000-06-17,35.0
2000-06-18,82.0
2000-06-19,33.0
2000-06-20,27.0
2000-06-21,24.0
2000-06-22,214.0
2000-06-23,40.0
2000-06-24,27.0
2000-06-25,23.0
2000-06-26,44.0
2000-06-27,33.0
2000-06-28,43.0
2000-06-29,30.0
2000-06-30,23.0
2000-07-01,20.0
2000-07-02,18.0
2000-07-03,19.0
2000-07-04,47.0
2000-07-05,23.0
2000-07-06,18.0
2000-07-07,16.0
2000-07-08,14.0
2000-07-09,13.0
2000-07-10,13.0
2000-07-11,17.0
2000-07-12,14.0
2000-07-13,12.0
2000-07-14,14.0
2000-07-15,144.0
2000-07-16,27.0
2000-07-17,27.0
2000-07-18,18.0
2000-07-19,16.0
2000-07-20,65.0
2000-07-21,22.0
2000-07-22,18.0
2000-07-23,15.0
2000-07-24,18.0
2000-07-25,23.0
2000-07-26,30.0
2000-07-27,25.0
2000-07-28,44.0
2000-07-29,130.0
2000-07-30,28.0
2000-07-31,20.0
2000-08-01,64.0
2000-08-02,86.0
2000-08-03,38.0
2000-08-04,75.0
2000-08-05,45.0
2000-08-06,217.0
2000-08-07,250.0
2000-08-08,332.0
2000-08-09,48.0
2000-08-10,34.0
2000-08-11,26.0
2000-08-12,23.0
2000-08-13,26.0
2000-08-14,26.0
2000-08-15,21.0
2000-08-16,19.0
2000-08-17,17.0
2000-08-18,18.0
2000-08-19,20.0
2000-08-20,16.0
2000-08-21,15.0
2000-08-22,14.0
2000-08-23,14.0
2000-08-24,14.0
2000-08-25,14.0
2000-08-26,12.0
2000-08-27,13.0
2000-08-28,56.0
2000-08-29,53.0
2000-08-30,27.0
2000-08-31,28.0
2000-09-01,494.0
2000-09-02,64.0
2000-09-03,82.0
2000-09-04,138.0
2000-09-05,49.0
2000-09-06,25.0
2000-09-07,21.0
2000-09-08,20.0
2000-09-09,19.0
2000-09-10,18.0
2000-09-11,17.0
2000-09-12,17.0
2000-09-13,16.0
2000-09-14,15.0
2000-09-15,14.0
2000-09-16,13.0
2000-09-17,11.0
2000-09-18,11.0
2000-09-19,195.0
2000-09-20,84.0
2000-09-21,40.0
2000-09-22,31.0
2000-09-23,29.0
2000-09-24,28.0
2000-09-25,362.0
2000-09-26,511.0
2000-09-27,106.0
2000-09-28,63.0
2000-09-29,47.0
2000-09-30,43.0
2000-10-01,42.0
2000-10-02,40.0
2000-10-03,33.0
2000-10-04,20.0
2000-10-05,20.0
2000-10-06,20.0
2000-10-07,21.0
2000-10-08,18.0
2000-10-09,17.0
2000-10-10,18.0
2000-10-11,18.0
2000-10-12,18.0
2000-10-13,16.0
2000-10-14,15.0
2000-10-15,15.0
2000-10-16,16.0
2000-10-17,16.0
2000-10-18,15.0
2000-10-19,16.0
2000-10-20,20.0
2000-10-21,16.0
2000-10-22,16.0
2000-10-23,16.0
2000-10-24,17.0
2000-10-25,16.0
2000-10-26,16.0
2000-10-27,17.0
2000-10-28,16.0
2000-10-29,16.0
2000-10-30,18.0
2000-10-31,20.0
2000-11-01,21.0
2000-11-02,20.0
2000-11-03,19.0
2000-11-04,20.0
2000-11-05,27.0
2000-11-06,19.0
2000-11-07,17.0
2000-11-08,17.0
2000-11-09,18.0
2000-11-10,56.0
2000-11-11,24.0
2000-11-12,16.0
2000-11-13,16.0
2000-11-14,22.0
2000-11-15,22.0
2000-11-16,17.0
2000-11-17,16.0
2000-11-18,16.0
2000-11-19,15.0
2000-11-20,15.0
2000-11-21,16.0
2000-11-22,16.0
2000-11-23,14.0
2000-11-24,17.0
2000-11-25,19.0
2000-11-26,126.0
2000-11-27,39.0
2000-11-28,24.0
2000-11-29,20.0
2000-11-30,25.0
2000-12-01,20.0
2000-12-02,18.0
2000-12-03,17.0
2000-12-04,17.0
2000-12-05,18.0
2000-12-06,17.0
2000-12-07,18.0
2000-12-08,17.0
2000-12-09,17.0
2000-12-10,17.0
2000-12-11,17.0
2000-12-12,17.0
2000-12-13,16.0
2000-12-14,136.0
2000-12-15,55.0
2000-12-16,38.0
2000-12-17,285.0
2000-12-18,76.0
2000-12-19,39.0
2000-12-20,35.0
2000-12-21,31.0
2000-12-22,27.0
2000-12-23,25.0
2000-12-24,22.0
2000-12-25,19.0
2000-12-26,16.0
2000-12-27,15.0
2000-12-28,14.0
2000-12-29,15.0
2000-12-30,17.0
2000-12-31,19.0
2001-01-01,16.0
2001-01-02,15.0
2001-01-03,13.0
2001-01-04,12.0
2001-01-05,12.0
2001-01-06,14.0
2001-01-07,17.0
2001-01-08,20.0
2001-01-09,30.0
2001-01-10,20.0
2001-01-11,17.0
2001-01-12,19.0
2001-01-13,18.0
2001-01-14,19.0
2001-01-15,21.0
2001-01-16,22.0
2001-01-17,22.0
2001-01-18,22.0
2001-01-19,224.0
2001-01-20,206.0
2001-01-21,123.0
2001-01-22,53.0
2001-01-23,38.0
2001-01-24,34.0
2001-01-25,32.0
2001-01-26,27.0
2001-01-27,27.0
2001-01-28,26.0
2001-01-29,25.0
2001-01-30,123.0
2001-01-31,64.0
2001-02-01,39.0
2001-02-02,33.0
2001-02-03,31.0
2001-02-04,30.0
2001-02-05,62.0
2001-02-06,56.0
2001-02-07,43.0
2001-02-08,46.0
2001-02-09,37.0
2001-02-10,28.0
2001-02-11,26.0
2001-02-12,25.0
2001-02-13,27.0
2001-02-14,29.0
2001-02-15,34.0
2001-02-16,70.0
2001-02-17,175.0
2001-02-18,54.0
2001-02-19,41.0
2001-02-20,37.0
2001-02-21,34.0
2001-02-22,31.0
2001-02-23,36.0
2001-02-24,40.0
2001-02-25,44.0
2001-02-26,45.0
2001-02-27,33.0
2001-02-28,31.0
2001-03-01,30.0
2001-03-02,29.0
2001-03-03,29.0
2001-03-04,32.0
2001-03-05,95.0
2001-03-06,53.0
2001-03-07,37.0
2001-03-08,33.0
2001-03-09,33.0
2001-03-10,31.0
2001-03-11,29.0
2001-03-12,29.0
2001-03-13,77.0
2001-03-14,43.0
2001-03-15,40.0
2001-03-16,83.0
2001-03-17,45.0
2001-03-18,40.0
2001-03-19,34.0
2001-03-20,33.0
2001-03-21,586.0
2001-03-22,212.0
2001-03-23,80.0
2001-03-24,54.0
2001-03-25,45.0
2001-03-26,41.0
2001-03-27,36.0
2001-03-28,35.0
2001-03-29,85.0
2001-03-30,813.0
2001-03-31,132.0
2001-04-01,77.0
2001-04-02,58.0
2001-04-03,49.0
2001-04-04,44.0
2001-04-05,41.0
2001-04-06,50.0
2001-04-07,52.0
2001-04-08,42.0
2001-04-09,40.0
2001-04-10,57.0
2001-04-11,243.0
2001-04-12,106.0
2001-04-13,79.0
2001-04-14,58.0
2001-04-15,54.0
2001-04-16,97.0
2001-04-17,83.0
2001-04-18,55.0
2001-04-19,45.0
2001-04-20,43.0
2001-04-21,41.0
2001-04-22,40.0
2001-04-23,38.0
2001-04-24,37.0
2001-04-25,33.0
2001-04-26,32.0
2001-04-27,32.0
2001-04-28,31.0
2001-04-29,30.0
2001-04-30,30.0
2001-05-01,34.0
2001-05-02,29.0
2001-05-03,27.0
2001-05-04,26.0
2001-05-05,25.0
2001-05-06,23.0
2001-05-07,22.0
2001-05-08,22.0
2001-05-09,23.0
2001-05-10,22.0
2001-05-11,21.0
2001-05-12,20.0
2001-05-13,20.0
2001-05-14,19.0
2001-05-15,18.0
2001-05-16,18.0
2001-05-17,19.0
2001-05-18,20.0
2001-05-19,147.0
2001-05-20,41.0
2001-05-21,115.0
2001-05-22,396.0
2001-05-23,607.0
2001-05-24,77.0
2001-05-25,58.0
2001-05-26,314.0
2001-05-27,157.0
2001-05-28,129.0
2001-05-29,59.0
2001-05-30,46.0
2001-05-31,38.0
2001-06-01,44.0
2001-06-02,76.0
2001-06-03,55.0
2001-06-04,36.0
2001-06-05,52.0
2001-06-06,36.0
2001-06-07,212.0
2001-06-08,66.0
2001-06-09,40.0
2001-06-10,33.0
2001-06-11,30.0
2001-06-12,28.0
2001-06-13,27.0
2001-06-14,93.0
2001-06-15,76.0
2001-06-16,227.0
2001-06-17,83.0
2001-06-18,38.0
2001-06-19,32.0
2001-06-20,28.0
2001-06-21,27.0
2001-06-22,150.0
2001-06-23,1080.0
2001-06-24,106.0
2001-06-25,53.0
2001-06-26,41.0
2001-06-27,35.0
2001-06-28,31.0
2001-06-29,28.0
2001-06-30,48.0
2001-07-01,71.0
2001-07-02,80.0
2001-07-03,29.0
2001-07-04,199.0
2001-07-05,448.0
2001-07-06,74.0
2001-07-07,41.0
2001-07-08,414.0
2001-07-09,107.0
2001-07-10,49.0
2001-07-11,61.0
2001-07-12,35.0
2001-07-13,31.0
2001-07-14,29.0
2001-07-15,26.0
2001-07-16,24.0
2001-07-17,24.0
2001-07-18,28.0
2001-07-19,29.0
2001-07-20,24.0
2001-07-21,22.0
2001-07-22,21.0
2001-07-23,20.0
2001-07-24,19.0
2001-07-25,18.0
2001-07-26,17.0
2001-07-27,21.0
2001-07-28,16.0
2001-07-29,61.0
2001-07-30,71.0
2001-07-31,26.0
2001-08-01,20.0
2001-08-02,17.0
2001-08-03,16.0
2001-08-04,15.0
2001-08-05,15.0
2001-08-06,24.0
2001-08-07,16.0
2001-08-08,14.0
2001-08-09,12.0
2001-08-10,11.0
2001-08-11,832.0
2001-08-12,908.0
2001-08-13,174.0
2001-08-14,119.0
2001-08-15,40.0
2001-08-16,30.0
2001-08-17,29.0
2001-08-18,52.0
2001-08-19,28.0
2001-08-20,69.0
2001-08-21,29.0
2001-08-22,23.0
2001-08-23,133.0
2001-08-24,486.0
2001-08-25,68.0
2001-08-26,35.0
2001-08-27,29.0
2001-08-28,26.0
2001-08-29,24.0
2001-08-30,37.0
2001-08-31,90.0
2001-09-01,32.0
2001-09-02,25.0
2001-09-03,24.0
2001-09-04,23.0
2001-09-05,23.0
2001-09-06,21.0
2001-09-07,20.0
2001-09-08,19.0
2001-09-09,19.0
2001-09-10,18.0
2001-09-11,23.0
2001-09-12,16.0
2001-09-13,15.0
2001-09-14,17.0
2001-09-15,20.0
2001-09-16,16.0
2001-09-17,14.0
2001-09-18,13.0
2001-09-19,11.0
2001-09-20,16.0
2001-09-21,97.0
2001-09-22,22.0
2001-09-23,17.0
2001-09-24,23.0
2001-09-25,178.0
2001-09-26,31.0
2001-09-27,21.0
2001-09-28,20.0
2001-09-29,18.0
2001-09-30,17.0
2001-10-01,15.6
2001-10-02,16.1
2001-10-03,15.7
2001-10-04,15.6
2001-10-05,13.3
2001-10-06,13.3
2001-10-07,14.6
2001-10-08,11.5
2001-10-09,11.3
2001-10-10,12.1
2001-10-11,12.8
2001-10-12,12.5
2001-10-13,11.8
2001-10-14,12.4
2001-10-15,112.0
2001-10-16,21.1
2001-10-17,33.9
2001-10-18,18.4
2001-10-19,14.9
2001-10-20,14.2
2001-10-21,13.9
2001-10-22,14.1
2001-10-23,14.1
2001-10-24,13.9
2001-10-25,13.8
2001-10-26,13.5
2001-10-27,13.0
2001-10-28,13.7
2001-10-29,13.8
2001-10-30,16.5
2001-10-31,15.9
2001-11-01,15.5
2001-11-02,15.3
2001-11-03,15.0
2001-11-04,15.6
2001-11-05,14.5
2001-11-06,14.4
2001-11-07,15.0
2001-11-08,14.9
2001-11-09,14.2
2001-11-10,18.2
2001-11-11,15.0
2001-11-12,14.3
2001-11-13,14.0
2001-11-14,16.1
2001-11-15,15.9
2001-11-16,16.9
2001-11-17,17.9
2001-11-18,16.4
2001-11-19,16.4
2001-11-20,19.3
2001-11-21,19.0
2001-11-22,16.8
2001-11-23,16.5
2001-11-24,18.3
2001-11-25,33.3
2001-11-26,103.0
2001-11-27,24.2
2001-11-28,18.9
2001-11-29,17.1
2001-11-30,17.0
2001-12-01,16.7
2001-12-02,16.4
2001-12-03,14.7
2001-12-04,14.2
2001-12-05,14.3
2001-12-06,14.4
2001-12-07,15.2
2001-12-08,28.3
2001-12-09,49.1
2001-12-10,21.5
2001-12-11,74.8
2001-12-12,33.2
2001-12-13,23.5
2001-12-14,24.4
2001-12-15,23.7
2001-12-16,20.6
2001-12-17,18.0
2001-12-18,25.3
2001-12-19,20.0
2001-12-20,18.1
2001-12-21,17.0
2001-12-22,16.0
2001-12-23,15.8
2001-12-24,50.4
2001-12-25,25.3
2001-12-26,20.2
2001-12-27,18.3
2001-12-28,17.6
2001-12-29,17.2
2001-12-30,17.1
2001-12-31,16.4
2002-01-01,15.0
2002-01-02,14.0
2002-01-03,16.0
2002-01-04,16.1
2002-01-05,19.4
2002-01-06,42.9
2002-01-07,75.4
2002-01-08,29.9
2002-01-09,23.0
2002-01-10,21.8
2002-01-11,35.7
2002-01-12,29.8
2002-01-13,22.8
2002-01-14,20.2
2002-01-15,19.3
2002-01-16,19.0
2002-01-17,18.5
2002-01-18,18.2
2002-01-19,18.4
2002-01-20,26.7
2002-01-21,24.3
2002-01-22,24.4
2002-01-23,22.9
2002-01-24,27.5
2002-01-25,30.5
2002-01-26,23.0
2002-01-27,20.5
2002-01-28,20.0
2002-01-29,20.0
2002-01-30,20.2
2002-01-31,19.1
2002-02-01,18.6
2002-02-02,18.3
2002-02-03,16.6
2002-02-04,17.3
2002-02-05,17.4
2002-02-06,16.4
2002-02-07,22.3
2002-02-08,22.7
2002-02-09,18.4
2002-02-10,17.4
2002-02-11,19.9
2002-02-12,17.8
2002-02-13,17.8
2002-02-14,17.3
2002-02-15,16.8
2002-02-16,17.4
2002-02-17,17.0
2002-02-18,16.4
2002-02-19,16.1
2002-02-20,16.8
2002-02-21,17.3
2002-02-22,16.2
2002-02-23,15.6
2002-02-24,15.9
2002-02-25,15.2
2002-02-26,15.8
2002-02-27,21.4
2002-02-28,17.2
2002-03-01,15.6
2002-03-02,16.4
2002-03-03,174.0
2002-03-04,38.5
2002-03-05,24.0
2002-03-06,21.5
2002-03-07,20.5
2002-03-08,20.3
2002-03-09,19.9
2002-03-10,25.4
2002-03-11,20.1
2002-03-12,17.9
2002-03-13,79.5
2002-03-14,45.1
2002-03-15,27.4
2002-03-16,24.5
2002-03-17,25.3
2002-03-18,56.1
2002-03-19,34.4
2002-03-20,159.0
2002-03-21,66.9
2002-03-22,37.1
2002-03-23,30.6
2002-03-24,28.5
2002-03-25,26.5
2002-03-26,28.4
2002-03-27,128.0
2002-03-28,38.9
2002-03-29,31.6
2002-03-30,29.7
2002-03-31,30.8
2002-04-01,49.0
2002-04-02,30.3
2002-04-03,26.7
2002-04-04,24.6
2002-04-05,23.0
2002-04-06,21.6
2002-04-07,21.0
2002-04-08,21.4
2002-04-09,24.0
2002-04-10,65.7
2002-04-11,28.5
2002-04-12,24.5
2002-04-13,24.0
2002-04-14,23.7
2002-04-15,22.6
2002-04-16,21.5
2002-04-17,20.7
2002-04-18,20.1
2002-04-19,20.1
2002-04-20,26.0
2002-04-21,42.8
2002-04-22,139.0
2002-04-23,40.3
2002-04-24,26.8
2002-04-25,25.3
2002-04-26,24.4
2002-04-27,20.4
2002-04-28,578.0
2002-04-29,163.0
2002-04-30,63.8
2002-05-01,46.9
2002-05-02,300.0
2002-05-03,106.0
2002-05-04,50.8
2002-05-05,48.0
2002-05-06,38.7
2002-05-07,37.0
2002-05-08,34.3
2002-05-09,32.4
2002-05-10,32.8
2002-05-11,28.2
2002-05-12,30.1
2002-05-13,83.1
2002-05-14,30.2
2002-05-15,25.1
2002-05-16,23.8
2002-05-17,23.6
2002-05-18,67.4
2002-05-19,39.6
2002-05-20,26.8
2002-05-21,24.0
2002-05-22,22.4
2002-05-23,21.8
2002-05-24,21.4
2002-05-25,20.1
2002-05-26,24.4
2002-05-27,435.0
2002-05-28,111.0
2002-05-29,44.7
2002-05-30,34.4
2002-05-31,29.1
2002-06-01,25.6
2002-06-02,23.1
2002-06-03,20.1
2002-06-04,19.2
2002-06-05,18.7
2002-06-06,53.3
2002-06-07,34.5
2002-06-08,21.4
2002-06-09,18.4
2002-06-10,17.1
2002-06-11,16.4
2002-06-12,15.1
2002-06-13,46.2
2002-06-14,62.2
2002-06-15,85.8
2002-06-16,30.3
2002-06-17,20.4
2002-06-18,17.5
2002-06-19,331.0
2002-06-20,73.1
2002-06-21,32.5
2002-06-22,24.9
2002-06-23,20.9
2002-06-24,18.9
2002-06-25,17.5
2002-06-26,16.8
2002-06-27,17.0
2002-06-28,52.3
2002-06-29,44.8
2002-06-30,20.0
2002-07-01,16.9
2002-07-02,15.4
2002-07-03,14.4
2002-07-04,13.1
2002-07-05,11.4
2002-07-06,8.89
2002-07-07,6.14
2002-07-08,5.99
2002-07-09,6.16
2002-07-10,8.66
2002-07-11,7.75
2002-07-12,5.49
2002-07-13,5.01
2002-07-14,182.0
2002-07-15,43.1
2002-07-16,19.2
2002-07-17,13.6
2002-07-18,10.8
2002-07-19,10.1
2002-07-20,9.27
2002-07-21,10.5
2002-07-22,8.18
2002-07-23,12.6
2002-07-24,51.9
2002-07-25,17.6
2002-07-26,23.1
2002-07-27,23.0
2002-07-28,17.4
2002-07-29,13.0
2002-07-30,9.87
2002-07-31,7.56
2002-08-01,5.52
2002-08-02,4.23
2002-08-03,7.98
2002-08-04,43.1
2002-08-05,18.4
2002-08-06,27.5
2002-08-07,9.68
2002-08-08,5.24
2002-08-09,4.21
2002-08-10,3.78
2002-08-11,3.28
2002-08-12,2.65
2002-08-13,8.65
2002-08-14,3.24
2002-08-15,2.14
2002-08-16,2.27
2002-08-17,2.11
2002-08-18,1.69
2002-08-19,1.37
2002-08-20,1.09
2002-08-21,0.92
2002-08-22,0.69
2002-08-23,0.66
2002-08-24,0.67
2002-08-25,5.45
2002-08-26,3.25
2002-08-27,1.73
2002-08-28,130.0
2002-08-29,147.0
2002-08-30,29.4
2002-08-31,12.9
2002-09-01,73.3
2002-09-02,37.9
2002-09-03,18.3
2002-09-04,9.83
2002-09-05,6.36
2002-09-06,5.57
2002-09-07,4.96
2002-09-08,4.73
2002-09-09,4.63
2002-09-10,4.58
2002-09-11,3.84
2002-09-12,2.98
2002-09-13,2.53
2002-09-14,2.46
2002-09-15,2.77
2002-09-16,3.27
2002-09-17,3.61
2002-09-18,3.18
2002-09-19,2.91
2002-09-20,2.46
2002-09-21,2.09
2002-09-22,3.06
2002-09-23,8.53
2002-09-24,7.57
2002-09-25,4.52
2002-09-26,38.9
2002-09-27,160.0
2002-09-28,50.0
2002-09-29,16.6
2002-09-30,8.77
2002-10-01,6.85
2002-10-02,5.88
2002-10-03,5.28
2002-10-04,4.87
2002-10-05,4.46
2002-10-06,3.98
2002-10-07,3.38
2002-10-08,3.2
2002-10-09,3.02
2002-10-10,9.81
2002-10-11,134.0
2002-10-12,57.2
2002-10-13,24.1
2002-10-14,14.5
2002-10-15,10.2
2002-10-16,338.0
2002-10-17,86.9
2002-10-18,47.5
2002-10-19,22.7
2002-10-20,16.7
2002-10-21,13.8
2002-10-22,12.8
2002-10-23,11.1
2002-10-24,9.02
2002-10-25,8.73
2002-10-26,167.0
2002-10-27,36.4
2002-10-28,21.2
2002-10-29,81.0
2002-10-30,213.0
2002-10-31,107.0
2002-11-01,40.6
2002-11-02,28.7
2002-11-03,22.3
2002-11-04,20.4
2002-11-05,21.0
2002-11-06,214.0
2002-11-07,45.7
2002-11-08,29.4
2002-11-09,25.0
2002-11-10,21.9
2002-11-11,214.0
2002-11-12,201.0
2002-11-13,116.0
2002-11-14,54.2
2002-11-15,37.1
2002-11-16,221.0
2002-11-17,517.0
2002-11-18,293.0
2002-11-19,79.6
2002-11-20,58.4
2002-11-21,44.6
2002-11-22,43.6
2002-11-23,35.2
2002-11-24,31.6
2002-11-25,30.5
2002-11-26,28.8
2002-11-27,28.9
2002-11-28,28.0
2002-11-29,27.3
2002-11-30,27.2
2002-12-01,26.5
2002-12-02,23.3
2002-12-03,22.3
2002-12-04,21.1
2002-12-05,20.0
2002-12-06,24.0
2002-12-07,22.0
2002-12-08,21.0
2002-12-09,20.0
2002-12-10,19.0
2002-12-11,359.0
2002-12-12,221.0
2002-12-13,281.0
2002-12-14,350.0
2002-12-15,107.0
2002-12-16,64.6
2002-12-17,49.9
2002-12-18,43.2
2002-12-19,39.4
2002-12-20,59.9
2002-12-21,49.5
2002-12-22,38.5
2002-12-23,36.7
2002-12-24,34.1
2002-12-25,235.0
2002-12-26,127.0
2002-12-27,68.4
2002-12-28,52.4
2002-12-29,47.9
2002-12-30,45.5
2002-12-31,44.5
2003-01-01,488.0
2003-01-02,561.0
2003-01-03,241.0
2003-01-04,121.0
2003-01-05,77.2
2003-01-06,75.7
2003-01-07,68.8
2003-01-08,60.1
2003-01-09,68.4
2003-01-10,56.1
2003-01-11,47.7
2003-01-12,43.0
2003-01-13,40.9
2003-01-14,40.3
2003-01-15,38.6
2003-01-16,36.0
2003-01-17,35.0
2003-01-18,33.0
2003-01-19,31.0
2003-01-20,28.0
2003-01-21,26.0
2003-01-22,25.0
2003-01-23,23.0
2003-01-24,22.0
2003-01-25,22.0
2003-01-26,26.0
2003-01-27,24.0
2003-01-28,23.0
2003-01-29,25.0
2003-01-30,23.0
2003-01-31,22.0
2003-02-01,21.0
2003-02-02,21.0
2003-02-03,20.0
2003-02-04,24.0
2003-02-05,34.0
2003-02-06,33.0
2003-02-07,30.0
2003-02-08,21.0
2003-02-09,18.0
2003-02-10,23.0
2003-02-11,21.0
2003-02-12,19.0
2003-02-13,17.0
2003-02-14,16.0
2003-02-15,24.0
2003-02-16,22.0
2003-02-17,20.0
2003-02-18,68.0
2003-02-19,58.0
2003-02-20,63.0
2003-02-21,106.0
2003-02-22,1100.0
2003-02-23,993.0
2003-02-24,270.0
2003-02-25,163.0
2003-02-26,106.0
2003-02-27,87.2
2003-02-28,83.8
2003-03-01,80.3
2003-03-02,244.0
2003-03-03,229.0
2003-03-04,110.0
2003-03-05,190.0
2003-03-06,346.0
2003-03-07,162.0
2003-03-08,119.0
2003-03-09,173.0
2003-03-10,125.0
2003-03-11,88.4
2003-03-12,82.9
2003-03-13,82.7
2003-03-14,102.0
2003-03-15,72.9
2003-03-16,69.6
2003-03-17,69.2
2003-03-18,66.3
2003-03-19,60.6
2003-03-20,613.0
2003-03-21,556.0
2003-03-22,144.0
2003-03-23,97.8
2003-03-24,80.2
2003-03-25,72.8
2003-03-26,80.0
2003-03-27,98.1
2003-03-28,69.8
2003-03-29,68.8
2003-03-30,254.0
2003-03-31,161.0
2003-04-01,94.2
2003-04-02,78.5
2003-04-03,72.0
2003-04-04,67.9
2003-04-05,65.6
2003-04-06,62.2
2003-04-07,165.0
2003-04-08,119.0
2003-04-09,249.0
2003-04-10,128.0
2003-04-11,177.0
2003-04-12,105.0
2003-04-13,80.5
2003-04-14,72.1
2003-04-15,69.4
2003-04-16,66.6
2003-04-17,62.4
2003-04-18,71.2
2003-04-19,173.0
2003-04-20,86.2
2003-04-21,72.5
2003-04-22,69.6
2003-04-23,63.8
2003-04-24,59.5
2003-04-25,59.0
2003-04-26,115.0
2003-04-27,74.0
2003-04-28,60.2
2003-04-29,58.1
2003-04-30,55.8
2003-05-01,70.3
2003-05-02,55.7
2003-05-03,50.9
2003-05-04,48.7
2003-05-05,52.6
2003-05-06,61.6
2003-05-07,90.2
2003-05-08,177.0
2003-05-09,112.0
2003-05-10,187.0
2003-05-11,111.0
2003-05-12,69.4
2003-05-13,59.7
2003-05-14,55.0
2003-05-15,88.3
2003-05-16,736.0
2003-05-17,157.0
2003-05-18,235.0
2003-05-19,115.0
2003-05-20,77.3
2003-05-21,363.0
2003-05-22,201.0
2003-05-23,106.0
2003-05-24,101.0
2003-05-25,173.0
2003-05-26,518.0
2003-05-27,148.0
2003-05-28,198.0
2003-05-29,118.0
2003-05-30,90.9
2003-05-31,76.4
2003-06-01,138.0
2003-06-02,67.8
2003-06-03,105.0
2003-06-04,194.0
2003-06-05,122.0
2003-06-06,74.7
2003-06-07,928.0
2003-06-08,422.0
2003-06-09,156.0
2003-06-10,94.0
2003-06-11,106.0
2003-06-12,365.0
2003-06-13,348.0
2003-06-14,180.0
2003-06-15,117.0
2003-06-16,85.5
2003-06-17,78.1
2003-06-18,221.0
2003-06-19,1350.0
2003-06-20,912.0
2003-06-21,222.0
2003-06-22,130.0
2003-06-23,102.0
2003-06-24,84.4
2003-06-25,75.1
2003-06-26,68.1
2003-06-27,64.0
2003-06-28,62.0
2003-06-29,59.1
2003-06-30,56.0
2003-07-01,94.6
2003-07-02,70.5
2003-07-03,176.0
2003-07-04,80.0
2003-07-05,60.9
2003-07-06,55.0
2003-07-07,72.7
2003-07-08,76.3
2003-07-09,145.0
2003-07-10,164.0
2003-07-11,605.0
2003-07-12,120.0
2003-07-13,145.0
2003-07-14,77.8
2003-07-15,62.1
2003-07-16,56.9
2003-07-17,50.9
2003-07-18,48.7
2003-07-19,48.4
2003-07-20,46.1
2003-07-21,43.5
2003-07-22,75.1
2003-07-23,670.0
2003-07-24,83.2
2003-07-25,59.4
2003-07-26,48.5
2003-07-27,44.8
2003-07-28,69.1
2003-07-29,159.0
2003-07-30,56.2
2003-07-31,47.4
2003-08-01,48.2
2003-08-02,48.0
2003-08-03,44.6
2003-08-04,55.0
2003-08-05,46.7
2003-08-06,44.4
2003-08-07,40.4
2003-08-08,40.2
2003-08-09,38.4
2003-08-10,40.4
2003-08-11,368.0
2003-08-12,134.0
2003-08-13,52.7
2003-08-14,59.6
2003-08-15,43.0
2003-08-16,45.1
2003-08-17,306.0
2003-08-18,70.4
2003-08-19,52.3
2003-08-20,46.2
2003-08-21,42.4
2003-08-22,40.2
2003-08-23,45.8
2003-08-24,36.9
2003-08-25,35.1
2003-08-26,218.0
2003-08-27,296.0
2003-08-28,225.0
2003-08-29,72.2
2003-08-30,73.2
2003-08-31,65.2
2003-09-01,44.0
2003-09-02,57.9
2003-09-03,65.3
2003-09-04,96.7
2003-09-05,61.4
2003-09-06,44.7
2003-09-07,40.6
2003-09-08,38.0
2003-09-09,36.3
2003-09-10,34.0
2003-09-11,32.9
2003-09-12,72.6
2003-09-13,262.0
2003-09-14,74.0
2003-09-15,52.8
2003-09-16,53.6
2003-09-17,43.4
2003-09-18,170.0
2003-09-19,748.0
2003-09-20,106.0
2003-09-21,65.0
2003-09-22,52.6
2003-09-23,1730.0
2003-09-24,163.0
2003-09-25,85.9
2003-09-26,66.3
2003-09-27,58.5
2003-09-28,62.4
2003-09-29,55.4
2003-09-30,48.2
2003-10-01,46.7
2003-10-02,46.4
2003-10-03,43.9
2003-10-04,44.9
2003-10-05,44.3
2003-10-06,42.6
2003-10-07,41.7
2003-10-08,41.6
2003-10-09,40.7
2003-10-10,39.9
2003-10-11,40.1
2003-10-12,39.6
2003-10-13,38.2
2003-10-14,47.4
2003-10-15,296.0
2003-10-16,58.5
2003-10-17,47.2
2003-10-18,44.4
2003-10-19,42.3
2003-10-20,40.4
2003-10-21,40.4
2003-10-22,39.3
2003-10-23,38.1
2003-10-24,37.0
2003-10-25,36.6
2003-10-26,38.5
2003-10-27,703.0
2003-10-28,220.0
2003-10-29,394.0
2003-10-30,119.0
2003-10-31,78.9
2003-11-01,65.5
2003-11-02,59.5
2003-11-03,56.0
2003-11-04,55.9
2003-11-05,200.0
2003-11-06,509.0
2003-11-07,180.0
2003-11-08,90.0
2003-11-09,72.8
2003-11-10,65.7
2003-11-11,63.7
2003-11-12,90.8
2003-11-13,133.0
2003-11-14,68.8
2003-11-15,61.8
2003-11-16,60.1
2003-11-17,58.3
2003-11-18,56.4
2003-11-19,550.0
2003-11-20,748.0
2003-11-21,131.0
2003-11-22,92.1
2003-11-23,79.4
2003-11-24,77.0
2003-11-25,128.0
2003-11-26,74.7
2003-11-27,69.0
2003-11-28,190.0
2003-11-29,320.0
2003-11-30,99.2
2003-12-01,81.2
2003-12-02,70.2
2003-12-03,64.5
2003-12-04,63.0
2003-12-05,193.0
2003-12-06,205.0
2003-12-07,115.0
2003-12-08,88.4
2003-12-09,83.7
2003-12-10,138.0
2003-12-11,2140.0
2003-12-12,199.0
2003-12-13,120.0
2003-12-14,217.0
2003-12-15,286.0
2003-12-16,159.0
2003-12-17,427.0
2003-12-18,191.0
2003-12-19,121.0
2003-12-20,102.0
2003-12-21,91.1
2003-12-22,88.1
2003-12-23,85.5
2003-12-24,280.0
2003-12-25,147.0
2003-12-26,99.0
2003-12-27,88.4
2003-12-28,82.6
2003-12-29,81.3
2003-12-30,81.9
2003-12-31,75.5
2004-01-01,73.6
2004-01-02,99.0
2004-01-03,85.2
2004-01-04,78.4
2004-01-05,128.0
2004-01-06,119.0
2004-01-07,76.7
2004-01-08,68.9
2004-01-09,64.0
2004-01-10,61.0
2004-01-11,62.0
2004-01-12,64.0
2004-01-13,60.0
2004-01-14,57.0
2004-01-15,55.0
2004-01-16,53.0
2004-01-17,54.0
2004-01-18,83.0
2004-01-19,73.0
2004-01-20,50.0
2004-01-21,45.0
2004-01-22,43.0
2004-01-23,42.0
2004-01-24,41.0
2004-01-25,40.0
2004-01-26,38.0
2004-01-27,37.0
2004-01-28,36.0
2004-01-29,36.0
2004-01-30,35.0
2004-01-31,35.0
2004-02-01,34.0
2004-02-02,34.0
2004-02-03,187.0
2004-02-04,146.0
2004-02-05,95.9
2004-02-06,633.0
2004-02-07,536.0
2004-02-08,175.0
2004-02-09,110.0
2004-02-10,137.0
2004-02-11,129.0
2004-02-12,101.0
2004-02-13,97.1
2004-02-14,91.2
2004-02-15,83.5
2004-02-16,73.8
2004-02-17,69.5
2004-02-18,70.0
2004-02-19,71.1
2004-02-20,73.4
2004-02-21,76.9
2004-02-22,70.3
2004-02-23,65.2
2004-02-24,67.4
2004-02-25,68.6
2004-02-26,62.3
2004-02-27,61.4
2004-02-28,59.9
2004-02-29,60.1
2004-03-01,60.2
2004-03-02,79.0
2004-03-03,65.0
2004-03-04,68.8
2004-03-05,63.7
2004-03-06,372.0
2004-03-07,124.0
2004-03-08,102.0
2004-03-09,76.1
2004-03-10,70.4
2004-03-11,67.9
2004-03-12,65.1
2004-03-13,60.1
2004-03-14,58.9
2004-03-15,59.2
2004-03-16,82.4
2004-03-17,80.2
2004-03-18,65.4
2004-03-19,64.4
2004-03-20,60.0
2004-03-21,60.0
2004-03-22,55.0
2004-03-23,52.9
2004-03-24,52.5
2004-03-25,60.4
2004-03-26,56.0
2004-03-27,60.2
2004-03-28,57.6
2004-03-29,53.4
2004-03-30,52.4
2004-03-31,54.2
2004-04-01,234.0
2004-04-02,330.0
2004-04-03,220.0
2004-04-04,108.0
2004-04-05,82.2
2004-04-06,71.3
2004-04-07,69.3
2004-04-08,67.1
2004-04-09,65.4
2004-04-10,60.7
2004-04-11,60.6
2004-04-12,230.0
2004-04-13,606.0
2004-04-14,262.0
2004-04-15,119.0
2004-04-16,90.9
2004-04-17,81.7
2004-04-18,75.4
2004-04-19,71.7
2004-04-20,67.9
2004-04-21,67.4
2004-04-22,64.1
2004-04-23,78.5
2004-04-24,110.0
2004-04-25,65.3
2004-04-26,164.0
2004-04-27,163.0
2004-04-28,79.7
2004-04-29,67.8
2004-04-30,64.0
2004-05-01,60.0
2004-05-02,70.8
2004-05-03,162.0
2004-05-04,82.7
2004-05-05,64.7
2004-05-06,59.8
2004-05-07,57.0
2004-05-08,85.5
2004-05-09,57.6
2004-05-10,68.5
2004-05-11,54.2
2004-05-12,50.1
2004-05-13,47.5
2004-05-14,45.8
2004-05-15,44.1
2004-05-16,75.8
2004-05-17,54.4
2004-05-18,49.1
2004-05-19,46.9
2004-05-20,46.6
2004-05-21,46.7
2004-05-22,74.0
2004-05-23,46.3
2004-05-24,42.2
2004-05-25,42.1
2004-05-26,107.0
2004-05-27,45.0
2004-05-28,44.5
2004-05-29,40.4
2004-05-30,38.3
2004-05-31,43.5
2004-06-01,115.0
2004-06-02,53.4
2004-06-03,43.0
2004-06-04,39.9
2004-06-05,657.0
2004-06-06,152.0
2004-06-07,74.1
2004-06-08,58.0
2004-06-09,51.1
2004-06-10,47.5
2004-06-11,56.5
2004-06-12,269.0
2004-06-13,68.2
2004-06-14,55.0
2004-06-15,59.8
2004-06-16,92.0
2004-06-17,82.1
2004-06-18,290.0
2004-06-19,180.0
2004-06-20,59.1
2004-06-21,49.0
2004-06-22,83.1
2004-06-23,125.0
2004-06-24,59.9
2004-06-25,48.0
2004-06-26,48.0
2004-06-27,41.6
2004-06-28,40.1
2004-06-29,38.4
2004-06-30,36.0
2004-07-01,35.0
2004-07-02,34.2
2004-07-03,32.2
2004-07-04,128.0
2004-07-05,73.8
2004-07-06,45.0
2004-07-07,122.0
2004-07-08,102.0
2004-07-09,43.7
2004-07-10,37.0
2004-07-11,34.0
2004-07-12,32.4
2004-07-13,33.1
2004-07-14,31.9
2004-07-15,39.5
2004-07-16,29.0
2004-07-17,26.4
2004-07-18,28.2
2004-07-19,27.3
2004-07-20,38.8
2004-07-21,27.9
2004-07-22,24.3
2004-07-23,41.6
2004-07-24,43.7
2004-07-25,28.8
2004-07-26,27.7
2004-07-27,141.0
2004-07-28,484.0
2004-07-29,59.7
2004-07-30,37.8
2004-07-31,31.3
2004-08-01,87.9
2004-08-02,100.0
2004-08-03,121.0
2004-08-04,47.9
2004-08-05,55.0
2004-08-06,34.3
2004-08-07,28.7
2004-08-08,26.6
2004-08-09,25.5
2004-08-10,24.6
2004-08-11,58.0
2004-08-12,88.1
2004-08-13,124.0
2004-08-14,44.2
2004-08-15,58.0
2004-08-16,33.1
2004-08-17,29.2
2004-08-18,33.0
2004-08-19,27.5
2004-08-20,25.5
2004-08-21,32.3
2004-08-22,38.6
2004-08-23,25.0
2004-08-24,23.2
2004-08-25,22.3
2004-08-26,21.9
2004-08-27,21.3
2004-08-28,20.9
2004-08-29,20.1
2004-08-30,19.4
2004-08-31,20.1
2004-09-01,18.4
2004-09-02,17.7
2004-09-03,16.9
2004-09-04,16.8
2004-09-05,16.5
2004-09-06,16.3
2004-09-07,18.2
2004-09-08,107.0
2004-09-09,78.6
2004-09-10,25.6
2004-09-11,20.3
2004-09-12,19.0
2004-09-13,18.0
2004-09-14,17.8
2004-09-15,42.6
2004-09-16,51.6
2004-09-17,65.7
2004-09-18,421.0
2004-09-19,56.5
2004-09-20,30.4
2004-09-21,25.5
2004-09-22,24.7
2004-09-23,22.3
2004-09-24,20.9
2004-09-25,20.4
2004-09-26,19.4
2004-09-27,20.1
2004-09-28,241.0
2004-09-29,491.0
2004-09-30,63.7
2004-10-01,39.1
2004-10-02,38.4
2004-10-03,32.4
2004-10-04,28.3
2004-10-05,25.6
2004-10-06,24.1
2004-10-07,23.7
2004-10-08,23.1
2004-10-09,23.0
2004-10-10,22.7
2004-10-11,21.4
2004-10-12,20.8
2004-10-13,21.2
2004-10-14,22.5
2004-10-15,23.0
2004-10-16,36.8
2004-10-17,23.8
2004-10-18,20.8
2004-10-19,21.0
2004-10-20,26.9
2004-10-21,56.2
2004-10-22,33.1
2004-10-23,27.1
2004-10-24,26.2
2004-10-25,26.9
2004-10-26,25.7
2004-10-27,24.4
2004-10-28,24.2
2004-10-29,24.3
2004-10-30,27.2
2004-10-31,24.6
2004-11-01,23.3
2004-11-02,23.7
2004-11-03,24.6
2004-11-04,231.0
2004-11-05,134.0
2004-11-06,46.0
2004-11-07,35.3
2004-11-08,31.3
2004-11-09,29.3
2004-11-10,28.2
2004-11-11,28.2
2004-11-12,466.0
2004-11-13,325.0
2004-11-14,77.0
2004-11-15,53.1
2004-11-16,44.4
2004-11-17,41.2
2004-11-18,39.1
2004-11-19,37.7
2004-11-20,39.7
2004-11-21,44.6
2004-11-22,37.7
2004-11-23,36.7
2004-11-24,40.5
2004-11-25,69.2
2004-11-26,45.3
2004-11-27,36.9
2004-11-28,97.1
2004-11-29,51.1
2004-11-30,40.7
2004-12-01,111.0
2004-12-02,62.2
2004-12-03,45.7
2004-12-04,40.9
2004-12-05,39.2
2004-12-06,37.7
2004-12-07,66.0
2004-12-08,90.1
2004-12-09,116.0
2004-12-10,270.0
2004-12-11,114.0
2004-12-12,66.3
2004-12-13,52.3
2004-12-14,44.8
2004-12-15,40.8
2004-12-16,39.7
2004-12-17,39.4
2004-12-18,38.5
2004-12-19,39.3
2004-12-20,36.0
2004-12-21,34.0
2004-12-22,35.8
2004-12-23,454.0
2004-12-24,304.0
2004-12-25,80.4
2004-12-26,57.8
2004-12-27,50.2
2004-12-28,45.1
2004-12-29,46.4
2004-12-30,45.8
2004-12-31,44.5
2005-01-01,43.3
2005-01-02,41.0
2005-01-03,40.9
2005-01-04,41.6
2005-01-05,52.1
2005-01-06,48.0
2005-01-07,43.7
2005-01-08,61.9
2005-01-09,51.3
2005-01-10,45.4
2005-01-11,43.9
2005-01-12,44.2
2005-01-13,43.5
2005-01-14,1080.0
2005-01-15,178.0
2005-01-16,89.9
2005-01-17,67.0
2005-01-18,53.3
2005-01-19,51.0
2005-01-20,50.0
2005-01-21,47.0
2005-01-22,45.0
2005-01-23,42.0
2005-01-24,40.0
2005-01-25,43.0
2005-01-26,46.4
2005-01-27,44.0
2005-01-28,41.0
2005-01-29,38.0
2005-01-30,46.0
2005-01-31,44.0
2005-02-01,43.0
2005-02-02,42.4
2005-02-03,43.0
2005-02-04,48.9
2005-02-05,57.5
2005-02-06,55.0
2005-02-07,51.8
2005-02-08,51.7
2005-02-09,51.8
2005-02-10,66.0
2005-02-11,48.7
2005-02-12,43.7
2005-02-13,41.6
2005-02-14,61.8
2005-02-15,88.9
2005-02-16,54.7
2005-02-17,49.4
2005-02-18,44.3
2005-02-19,40.4
2005-02-20,40.4
2005-02-21,43.4
2005-02-22,55.4
2005-02-23,43.1
2005-02-24,47.7
2005-02-25,62.4
2005-02-26,55.1
2005-02-27,56.3
2005-02-28,53.9
2005-03-01,85.4
2005-03-02,72.6
2005-03-03,53.3
2005-03-04,48.1
2005-03-05,49.9
2005-03-06,48.8
2005-03-07,49.3
2005-03-08,267.0
2005-03-09,101.0
2005-03-10,66.0
2005-03-11,58.0
2005-03-12,53.3
2005-03-13,48.2
2005-03-14,45.9
2005-03-15,43.9
2005-03-16,43.3
2005-03-17,43.0
2005-03-18,42.3
2005-03-19,41.1
2005-03-20,49.1
2005-03-21,48.9
2005-03-22,40.8
2005-03-23,770.0
2005-03-24,255.0
2005-03-25,94.3
2005-03-26,71.5
2005-03-27,61.8
2005-03-28,950.0
2005-03-29,545.0
2005-03-30,109.0
2005-03-31,77.5
2005-04-01,67.9
2005-04-02,1040.0
2005-04-03,730.0
2005-04-04,139.0
2005-04-05,93.2
2005-04-06,78.1
2005-04-07,71.4
2005-04-08,115.0
2005-04-09,75.6
2005-04-10,63.1
2005-04-11,58.8
2005-04-12,55.6
2005-04-13,55.1
2005-04-14,52.5
2005-04-15,50.2
2005-04-16,48.7
2005-04-17,48.5
2005-04-18,48.2
2005-04-19,47.7
2005-04-20,47.9
2005-04-21,47.7
2005-04-22,77.2
2005-04-23,102.0
2005-04-24,83.5
2005-04-25,52.9
2005-04-26,47.7
2005-04-27,45.7
2005-04-28,43.6
2005-04-29,42.3
2005-04-30,143.0
2005-05-01,200.0
2005-05-02,69.6
2005-05-03,54.3
2005-05-04,48.8
2005-05-05,45.9
2005-05-06,45.0
2005-05-07,44.3
2005-05-08,42.2
2005-05-09,39.9
2005-05-10,39.1
2005-05-11,38.6
2005-05-12,37.4
2005-05-13,35.6
2005-05-14,82.5
2005-05-15,198.0
2005-05-16,55.7
2005-05-17,42.5
2005-05-18,39.0
2005-05-19,36.7
2005-05-20,950.0
2005-05-21,256.0
2005-05-22,90.9
2005-05-23,72.0
2005-05-24,185.0
2005-05-25,216.0
2005-05-26,88.7
2005-05-27,66.0
2005-05-28,57.9
2005-05-29,54.8
2005-05-30,50.7
2005-05-31,51.1
2005-06-01,46.8
2005-06-02,44.3
2005-06-03,90.6
2005-06-04,66.1
2005-06-05,50.7
2005-06-06,54.0
2005-06-07,166.0
2005-06-08,59.1
2005-06-09,46.2
2005-06-10,45.3
2005-06-11,43.0
2005-06-12,39.8
2005-06-13,38.0
2005-06-14,45.3
2005-06-15,39.1
2005-06-16,35.0
2005-06-17,32.7
2005-06-18,31.2
2005-06-19,30.9
2005-06-20,30.7
2005-06-21,30.6
2005-06-22,33.4
2005-06-23,44.1
2005-06-24,30.1
2005-06-25,28.2
2005-06-26,27.0
2005-06-27,27.1
2005-06-28,27.6
2005-06-29,76.9
2005-06-30,183.0
2005-07-01,43.4
2005-07-02,34.1
2005-07-03,29.2
2005-07-04,27.2
2005-07-05,52.3
2005-07-06,323.0
2005-07-07,75.3
2005-07-08,1200.0
2005-07-09,120.0
2005-07-10,56.6
2005-07-11,42.3
2005-07-12,37.5
2005-07-13,37.4
2005-07-14,40.5
2005-07-15,380.0
2005-07-16,289.0
2005-07-17,129.0
2005-07-18,53.9
2005-07-19,43.7
2005-07-20,38.7
2005-07-21,35.6
2005-07-22,33.7
2005-07-23,31.3
2005-07-24,28.8
2005-07-25,39.3
2005-07-26,30.9
2005-07-27,29.4
2005-07-28,59.2
2005-07-29,35.4
2005-07-30,36.7
2005-07-31,28.3
2005-08-01,26.8
2005-08-02,25.4
2005-08-03,23.6
2005-08-04,22.3
2005-08-05,21.1
2005-08-06,21.7
2005-08-07,19.8
2005-08-08,62.4
2005-08-09,221.0
2005-08-10,66.2
2005-08-11,33.9
2005-08-12,25.5
2005-08-13,22.4
2005-08-14,20.4
2005-08-15,19.0
2005-08-16,18.3
2005-08-17,39.9
2005-08-18,22.4
2005-08-19,45.1
2005-08-20,31.7
2005-08-21,22.8
2005-08-22,18.5
2005-08-23,16.2
2005-08-24,15.5
2005-08-25,14.2
2005-08-26,13.7
2005-08-27,22.6
2005-08-28,34.4
2005-08-29,20.6
2005-08-30,16.9
2005-08-31,16.2
2005-09-01,15.0
2005-09-02,12.9
2005-09-03,11.9
2005-09-04,10.7
2005-09-05,9.9
2005-09-06,17.4
2005-09-07,22.8
2005-09-08,12.0
2005-09-09,9.69
2005-09-10,9.07
2005-09-11,8.47
2005-09-12,7.84
2005-09-13,7.62
2005-09-14,8.0
2005-09-15,9.79
2005-09-16,9.1
2005-09-17,7.86
2005-09-18,7.58
2005-09-19,6.7
2005-09-20,6.24
2005-09-21,6.15
2005-09-22,6.03
2005-09-23,5.84
2005-09-24,5.79
2005-09-25,6.12
2005-09-26,6.25
2005-09-27,9.72
2005-09-28,6.52
2005-09-29,5.65
2005-09-30,5.42
2005-10-01,5.37
2005-10-02,5.6
2005-10-03,5.45
2005-10-04,5.41
2005-10-05,5.51
2005-10-06,5.71
2005-10-07,208.0
2005-10-08,1820.0
2005-10-09,201.0
2005-10-10,69.7
2005-10-11,56.4
2005-10-12,47.0
2005-10-13,36.9
2005-10-14,51.6
2005-10-15,41.4
2005-10-16,30.4
2005-10-17,30.6
2005-10-18,27.5
2005-10-19,26.6
2005-10-20,26.0
2005-10-21,40.3
2005-10-22,115.0
2005-10-23,75.3
2005-10-24,38.6
2005-10-25,495.0
2005-10-26,163.0
2005-10-27,69.4
2005-10-28,42.0
2005-10-29,35.8
2005-10-30,33.2
2005-10-31,37.2
2005-11-01,31.2
2005-11-02,29.9
2005-11-03,28.8
2005-11-04,28.9
2005-11-05,28.8
2005-11-06,28.1
2005-11-07,27.2
2005-11-08,28.0
2005-11-09,34.6
2005-11-10,29.5
2005-11-11,28.1
2005-11-12,28.4
2005-11-13,28.9
2005-11-14,29.8
2005-11-15,30.2
2005-11-16,43.3
2005-11-17,103.0
2005-11-18,35.6
2005-11-19,30.5
2005-11-20,29.9
2005-11-21,54.2
2005-11-22,299.0
2005-11-23,79.2
2005-11-24,52.3
2005-11-25,40.0
2005-11-26,36.4
2005-11-27,35.7
2005-11-28,41.9
2005-11-29,46.0
2005-11-30,78.0
2005-12-01,38.9
2005-12-02,34.7
2005-12-03,32.5
2005-12-04,45.0
2005-12-05,46.4
2005-12-06,45.9
2005-12-07,38.6
2005-12-08,34.5
2005-12-09,53.8
2005-12-10,58.5
2005-12-11,44.1
2005-12-12,44.0
2005-12-13,39.1
2005-12-14,35.0
2005-12-15,41.6
2005-12-16,472.0
2005-12-17,113.0
2005-12-18,72.5
2005-12-19,58.3
2005-12-20,49.4
2005-12-21,44.4
2005-12-22,43.0
2005-12-23,49.0
2005-12-24,39.4
2005-12-25,120.0
2005-12-26,131.0
2005-12-27,64.9
2005-12-28,51.7
2005-12-29,80.8
2005-12-30,65.3
2005-12-31,49.5
2006-01-01,45.3
2006-01-02,47.0
2006-01-03,99.5
2006-01-04,59.9
2006-01-05,51.2
2006-01-06,46.9
2006-01-07,43.6
2006-01-08,42.1
2006-01-09,41.5
2006-01-10,40.0
2006-01-11,50.3
2006-01-12,70.9
2006-01-13,48.1
2006-01-14,104.0
2006-01-15,62.8
2006-01-16,44.8
2006-01-17,42.9
2006-01-18,235.0
2006-01-19,98.2
2006-01-20,64.6
2006-01-21,55.0
2006-01-22,48.4
2006-01-23,239.0
2006-01-24,96.1
2006-01-25,69.4
2006-01-26,55.2
2006-01-27,49.1
2006-01-28,49.0
2006-01-29,50.7
2006-01-30,50.1
2006-01-31,55.7
2006-02-01,49.3
2006-02-02,45.0
2006-02-03,116.0
2006-02-04,193.0
2006-02-05,247.0
2006-02-06,91.1
2006-02-07,68.7
2006-02-08,53.4
2006-02-09,50.6
2006-02-10,50.0
2006-02-11,53.9
2006-02-12,81.5
2006-02-13,70.8
2006-02-14,62.0
2006-02-15,74.6
2006-02-16,124.0
2006-02-17,112.0
2006-02-18,70.9
2006-02-19,58.7
2006-02-20,55.0
2006-02-21,53.0
2006-02-22,62.2
2006-02-23,67.9
2006-02-24,56.3
2006-02-25,50.9
2006-02-26,48.8
2006-02-27,45.0
2006-02-28,45.8
2006-03-01,44.9
2006-03-02,46.0
2006-03-03,44.4
2006-03-04,41.1
2006-03-05,40.7
2006-03-06,41.1
2006-03-07,40.8
2006-03-08,40.2
2006-03-09,41.1
2006-03-10,41.3
2006-03-11,39.5
2006-03-12,39.2
2006-03-13,41.8
2006-03-14,41.1
2006-03-15,37.6
2006-03-16,36.2
2006-03-17,35.0
2006-03-18,35.0
2006-03-19,34.0
2006-03-20,33.0
2006-03-21,34.1
2006-03-22,34.5
2006-03-23,33.5
2006-03-24,33.7
2006-03-25,33.9
2006-03-26,33.7
2006-03-27,33.1
2006-03-28,33.0
2006-03-29,33.6
2006-03-30,33.0
2006-03-31,32.4
2006-04-01,33.4
2006-04-02,31.9
2006-04-03,33.0
2006-04-04,60.5
2006-04-05,34.8
2006-04-06,32.1
2006-04-07,38.1
2006-04-08,123.0
2006-04-09,75.3
2006-04-10,43.0
2006-04-11,38.2
2006-04-12,36.1
2006-04-13,36.3
2006-04-14,36.1
2006-04-15,35.6
2006-04-16,33.4
2006-04-17,54.5
2006-04-18,53.6
2006-04-19,36.6
2006-04-20,33.4
2006-04-21,32.0
2006-04-22,114.0
2006-04-23,352.0
2006-04-24,80.7
2006-04-25,53.1
2006-04-26,42.9
2006-04-27,38.6
2006-04-28,36.0
2006-04-29,33.4
2006-04-30,32.5
2006-05-01,31.8
2006-05-02,31.5
2006-05-03,31.0
2006-05-04,29.5
2006-05-05,28.2
2006-05-06,27.3
2006-05-07,25.2
2006-05-08,34.4
2006-05-09,32.6
2006-05-10,27.8
2006-05-11,38.3
2006-05-12,151.0
2006-05-13,40.6
2006-05-14,34.5
2006-05-15,67.1
2006-05-16,36.9
2006-05-17,29.6
2006-05-18,34.2
2006-05-19,30.5
2006-05-20,27.2
2006-05-21,25.4
2006-05-22,24.1
2006-05-23,22.8
2006-05-24,21.7
2006-05-25,21.7
2006-05-26,22.8
2006-05-27,24.3
2006-05-28,21.6
2006-05-29,20.2
2006-05-30,19.6
2006-05-31,18.6
2006-06-01,17.9
2006-06-02,18.6
2006-06-03,18.2
2006-06-04,16.6
2006-06-05,15.6
2006-06-06,15.1
2006-06-07,14.8
2006-06-08,16.5
2006-06-09,16.9
2006-06-10,16.3
2006-06-11,13.3
2006-06-12,24.5
2006-06-13,23.2
2006-06-14,14.6
2006-06-15,13.7
2006-06-16,11.8
2006-06-17,10.7
2006-06-18,10.1
2006-06-19,18.6
2006-06-20,62.6
2006-06-21,17.8
2006-06-22,11.2
2006-06-23,188.0
2006-06-24,32.9
2006-06-25,1460.0
2006-06-26,3100.0
2006-06-27,913.0
2006-06-28,777.0
2006-06-29,127.0
2006-06-30,84.2
2006-07-01,47.4
2006-07-02,39.5
2006-07-03,59.7
2006-07-04,44.9
2006-07-05,79.9
2006-07-06,187.0
2006-07-07,58.7
2006-07-08,40.3
2006-07-09,35.7
2006-07-10,32.0
2006-07-11,29.9
2006-07-12,29.4
2006-07-13,57.6
2006-07-14,52.2
2006-07-15,42.5
2006-07-16,40.4
2006-07-17,28.2
2006-07-18,25.9
2006-07-19,25.9
2006-07-20,23.5
2006-07-21,22.5
2006-07-22,24.0
2006-07-23,58.4
2006-07-24,25.0
2006-07-25,21.1
2006-07-26,20.2
2006-07-27,19.2
2006-07-28,17.9
2006-07-29,16.7
2006-07-30,16.3
2006-07-31,15.1
2006-08-01,14.5
2006-08-02,13.6
2006-08-03,13.1
2006-08-04,21.5
2006-08-05,12.6
2006-08-06,11.1
2006-08-07,59.1
2006-08-08,26.9
2006-08-09,15.7
2006-08-10,15.5
2006-08-11,19.4
2006-08-12,13.1
2006-08-13,10.6
2006-08-14,10.0
2006-08-15,9.83
2006-08-16,9.14
2006-08-17,8.3
2006-08-18,7.75
2006-08-19,7.38
2006-08-20,7.48
2006-08-21,7.16
2006-08-22,6.34
2006-08-23,6.0
2006-08-24,5.6
2006-08-25,5.4
2006-08-26,5.2
2006-08-27,5.0
2006-08-28,4.8
2006-08-29,4.5
2006-08-30,4.6
2006-08-31,5.8
2006-09-01,136.0
2006-09-02,492.0
2006-09-03,58.0
2006-09-04,29.0
2006-09-05,310.0
2006-09-06,78.9
2006-09-07,35.7
2006-09-08,25.8
2006-09-09,38.9
2006-09-10,23.1
2006-09-11,20.4
2006-09-12,19.7
2006-09-13,18.6
2006-09-14,94.0
2006-09-15,44.8
2006-09-16,31.3
2006-09-17,24.9
2006-09-18,21.2
2006-09-19,18.8
2006-09-20,17.6
2006-09-21,16.0
2006-09-22,15.3
2006-09-23,15.0
2006-09-24,15.1
2006-09-25,15.3
2006-09-26,14.3
2006-09-27,13.9
2006-09-28,23.6
2006-09-29,99.2
2006-09-30,25.4
2006-10-01,20.9
2006-10-02,18.6
2006-10-03,15.4
2006-10-04,14.3
2006-10-05,13.9
2006-10-06,375.0
2006-10-07,126.0
2006-10-08,55.4
2006-10-09,32.8
2006-10-10,26.4
2006-10-11,23.6
2006-10-12,25.7
2006-10-13,21.6
2006-10-14,19.4
2006-10-15,18.2
2006-10-16,17.7
2006-10-17,70.8
2006-10-18,63.4
2006-10-19,29.0
2006-10-20,81.1
2006-10-21,37.7
2006-10-22,26.2
2006-10-23,23.4
2006-10-24,20.1
2006-10-25,19.1
2006-10-26,18.6
2006-10-27,23.8
2006-10-28,280.0
2006-10-29,68.0
2006-10-30,42.1
2006-10-31,30.6
2006-11-01,26.9
2006-11-02,64.5
2006-11-03,39.1
2006-11-04,39.8
2006-11-05,35.4
2006-11-06,34.7
2006-11-07,39.7
2006-11-08,564.0
2006-11-09,126.0
2006-11-10,68.5
2006-11-11,56.5
2006-11-12,161.0
2006-11-13,222.0
2006-11-14,93.6
2006-11-15,64.0
2006-11-16,1280.0
2006-11-17,534.0
2006-11-18,120.0
2006-11-19,87.1
2006-11-20,70.6
2006-11-21,64.3
2006-11-22,147.0
2006-11-23,349.0
2006-11-24,110.0
2006-11-25,73.6
2006-11-26,61.7
2006-11-27,63.3
2006-11-28,58.0
2006-11-29,52.0
2006-11-30,45.3
2006-12-01,44.8
2006-12-02,41.9
2006-12-03,38.5
2006-12-04,38.2
2006-12-05,39.2
2006-12-06,39.0
2006-12-07,37.2
2006-12-08,35.2
2006-12-09,34.5
2006-12-10,35.0
2006-12-11,35.2
2006-12-12,37.5
2006-12-13,39.8
2006-12-14,41.3
2006-12-15,41.9
2006-12-16,40.6
2006-12-17,35.5
2006-12-18,35.7
2006-12-19,34.5
2006-12-20,33.6
2006-12-21,34.0
2006-12-22,51.5
2006-12-23,199.0
2006-12-24,59.3
2006-12-25,75.5
2006-12-26,124.0
2006-12-27,63.8
2006-12-28,49.8
2006-12-29,48.4
2006-12-30,44.5
2006-12-31,43.5
2007-01-01,220.0
2007-01-02,92.9
2007-01-03,59.7
2007-01-04,51.9
2007-01-05,84.8
2007-01-06,73.5
2007-01-07,55.7
2007-01-08,229.0
2007-01-09,95.2
2007-01-10,66.5
2007-01-11,55.1
2007-01-12,53.4
2007-01-13,53.5
2007-01-14,60.6
2007-01-15,55.1
2007-01-16,50.5
2007-01-17,44.0
2007-01-18,43.0
2007-01-19,46.5
2007-01-20,43.9
2007-01-21,42.3
2007-01-22,49.5
2007-01-23,51.2
2007-01-24,48.0
2007-01-25,46.0
2007-01-26,43.4
2007-01-27,41.0
2007-01-28,42.0
2007-01-29,38.0
2007-01-30,36.0
2007-01-31,37.4
2007-02-01,33.0
2007-02-02,36.0
2007-02-03,37.0
2007-02-04,33.0
2007-02-05,31.0
2007-02-06,40.5
2007-02-07,34.0
2007-02-08,32.0
2007-02-09,30.0
2007-02-10,29.0
2007-02-11,28.0
2007-02-12,26.0
2007-02-13,37.0
2007-02-14,51.7
2007-02-15,43.8
2007-02-16,32.0
2007-02-17,30.0
2007-02-18,28.0
2007-02-19,34.0
2007-02-20,37.8
2007-02-21,225.0
2007-02-22,235.0
2007-02-23,137.0
2007-02-24,72.7
2007-02-25,72.5
2007-02-26,115.0
2007-02-27,182.0
2007-02-28,149.0
2007-03-01,94.9
2007-03-02,415.0
2007-03-03,127.0
2007-03-04,83.6
2007-03-05,67.6
2007-03-06,57.9
2007-03-07,54.8
2007-03-08,56.0
2007-03-09,52.8
2007-03-10,52.3
2007-03-11,64.5
2007-03-12,52.8
2007-03-13,49.5
2007-03-14,49.0
2007-03-15,51.2
2007-03-16,771.0
2007-03-17,369.0
2007-03-18,127.0
2007-03-19,88.7
2007-03-20,75.3
2007-03-21,65.8
2007-03-22,63.8
2007-03-23,61.8
2007-03-24,64.5
2007-03-25,62.4
2007-03-26,57.6
2007-03-27,59.4
2007-03-28,54.4
2007-03-29,50.3
2007-03-30,49.5
2007-03-31,49.5
2007-04-01,49.9
2007-04-02,50.8
2007-04-03,49.7
2007-04-04,62.8
2007-04-05,51.4
2007-04-06,47.2
2007-04-07,47.1
2007-04-08,46.5
2007-04-09,44.2
2007-04-10,44.7
2007-04-11,44.7
2007-04-12,161.0
2007-04-13,77.3
2007-04-14,56.2
2007-04-15,995.0
2007-04-16,338.0
2007-04-17,111.0
2007-04-18,79.6
2007-04-19,66.9
2007-04-20,61.1
2007-04-21,56.5
2007-04-22,54.1
2007-04-23,52.3
2007-04-24,50.0
2007-04-25,48.3
2007-04-26,46.1
2007-04-27,75.3
2007-04-28,56.4
2007-04-29,46.8
2007-04-30,44.3
2007-05-01,41.7
2007-05-02,40.0
2007-05-03,38.7
2007-05-04,38.9
2007-05-05,38.7
2007-05-06,39.0
2007-05-07,36.1
2007-05-08,35.8
2007-05-09,35.7
2007-05-10,35.5
2007-05-11,35.3
2007-05-12,33.1
2007-05-13,45.5
2007-05-14,32.3
2007-05-15,30.4
2007-05-16,45.8
2007-05-17,52.8
2007-05-18,33.1
2007-05-19,32.6
2007-05-20,30.8
2007-05-21,29.1
2007-05-22,28.0
2007-05-23,26.6
2007-05-24,26.1
2007-05-25,26.2
2007-05-26,24.7
2007-05-27,25.9
2007-05-28,46.7
2007-05-29,27.4
2007-05-30,25.0
2007-05-31,23.4
2007-06-01,21.7
2007-06-02,21.1
2007-06-03,30.7
2007-06-04,58.9
2007-06-05,31.8
2007-06-06,23.6
2007-06-07,20.5
2007-06-08,20.2
2007-06-09,22.9
2007-06-10,18.3
2007-06-11,17.8
2007-06-12,17.4
2007-06-13,85.7
2007-06-14,149.0
2007-06-15,30.9
2007-06-16,25.0
2007-06-17,21.6
2007-06-18,18.9
2007-06-19,17.4
2007-06-20,18.5
2007-06-21,16.8
2007-06-22,15.0
2007-06-23,14.0
2007-06-24,13.3
2007-06-25,13.6
2007-06-26,13.6
2007-06-27,14.0
2007-06-28,21.6
2007-06-29,29.3
2007-06-30,17.8
2007-07-01,14.2
2007-07-02,11.9
2007-07-03,10.7
2007-07-04,14.8
2007-07-05,53.9
2007-07-06,21.7
2007-07-07,14.5
2007-07-08,11.5
2007-07-09,9.97
2007-07-10,10.6
2007-07-11,10.4
2007-07-12,9.36
2007-07-13,7.86
2007-07-14,7.47
2007-07-15,6.75
2007-07-16,6.19
2007-07-17,5.93
2007-07-18,5.98
2007-07-19,5.71
2007-07-20,5.41
2007-07-21,5.2
2007-07-22,4.34
2007-07-23,3.8
2007-07-24,3.67
2007-07-25,3.53
2007-07-26,3.51
2007-07-27,7.51
2007-07-28,31.5
2007-07-29,15.8
2007-07-30,29.5
2007-07-31,11.6
2007-08-01,7.48
2007-08-02,5.96
2007-08-03,4.78
2007-08-04,4.19
2007-08-05,3.7
2007-08-06,8.6
2007-08-07,7.62
2007-08-08,4.48
2007-08-09,4.43
2007-08-10,10.5
2007-08-11,8.51
2007-08-12,4.69
2007-08-13,3.23
2007-08-14,2.31
2007-08-15,2.0
2007-08-16,1.9
2007-08-17,2.75
2007-08-18,2.95
2007-08-19,1.97
2007-08-20,111.0
2007-08-21,129.0
2007-08-22,28.3
2007-08-23,15.4
2007-08-24,12.4
2007-08-25,10.8
2007-08-26,18.1
2007-08-27,12.0
2007-08-28,16.6
2007-08-29,7.1
2007-08-30,5.48
2007-08-31,4.96
2007-09-01,4.4
2007-09-02,3.78
2007-09-03,3.43
2007-09-04,3.23
2007-09-05,3.09
2007-09-06,2.63
2007-09-07,2.36
2007-09-08,2.13
2007-09-09,1.97
2007-09-10,1.83
2007-09-11,24.4
2007-09-12,7.81
2007-09-13,4.13
2007-09-14,3.21
2007-09-15,3.64
2007-09-16,3.44
2007-09-17,2.85
2007-09-18,2.57
2007-09-19,2.42
2007-09-20,2.34
2007-09-21,2.2
2007-09-22,2.0
2007-09-23,1.9
2007-09-24,1.7
2007-09-25,1.7
2007-09-26,1.59
2007-09-27,1.8
2007-09-28,27.4
2007-09-29,7.57
2007-09-30,3.77
2007-10-01,2.85
2007-10-02,2.42
2007-10-03,2.17
2007-10-04,1.96
2007-10-05,2.29
2007-10-06,2.12
2007-10-07,1.66
2007-10-08,1.24
2007-10-09,1.06
2007-10-10,0.9
2007-10-11,0.65
2007-10-12,0.6
2007-10-13,0.58
2007-10-14,0.5
2007-10-15,0.48
2007-10-16,0.5
2007-10-17,0.71
2007-10-18,0.68
2007-10-19,3.0
2007-10-20,30.0
2007-10-21,5.0
2007-10-22,1.8
2007-10-23,1.5
2007-10-24,40.0
2007-10-25,186.0
2007-10-26,165.0
2007-10-27,303.0
2007-10-28,60.0
2007-10-29,18.0
2007-10-30,13.6
2007-10-31,11.8
2007-11-01,11.7
2007-11-02,10.7
2007-11-03,9.39
2007-11-04,8.29
2007-11-05,7.43
2007-11-06,8.05
2007-11-07,9.95
2007-11-08,7.92
2007-11-09,7.47
2007-11-10,9.15
2007-11-11,10.2
2007-11-12,22.4
2007-11-13,20.2
2007-11-14,16.3
2007-11-15,101.0
2007-11-16,40.8
2007-11-17,17.8
2007-11-18,13.5
2007-11-19,11.9
2007-11-20,11.1
2007-11-21,10.6
2007-11-22,9.99
2007-11-23,9.43
2007-11-24,9.65
2007-11-25,9.26
2007-11-26,10.0
2007-11-27,20.9
2007-11-28,12.4
2007-11-29,9.93
2007-11-30,9.83
2007-12-01,9.72
2007-12-02,9.6
2007-12-03,31.0
2007-12-04,17.2
2007-12-05,12.2
2007-12-06,14.3
2007-12-07,14.0
2007-12-08,26.8
2007-12-09,35.2
2007-12-10,32.0
2007-12-11,23.6
2007-12-12,18.4
2007-12-13,15.4
2007-12-14,15.2
2007-12-15,14.7
2007-12-16,213.0
2007-12-17,55.1
2007-12-18,28.9
2007-12-19,23.3
2007-12-20,20.8
2007-12-21,19.3
2007-12-22,18.2
2007-12-23,23.4
2007-12-24,46.1
2007-12-25,24.0
2007-12-26,24.2
2007-12-27,39.3
2007-12-28,24.4
2007-12-29,75.1
2007-12-30,34.9
2007-12-31,55.3
2008-01-01,32.6
2008-01-02,25.5
2008-01-03,21.2
2008-01-04,19.2
2008-01-05,19.8
2008-01-06,36.8
2008-01-07,32.0
2008-01-08,24.5
2008-01-09,23.6
2008-01-10,20.7
2008-01-11,26.2
2008-01-12,25.7
2008-01-13,21.1
2008-01-14,20.2
2008-01-15,19.1
2008-01-16,18.1
2008-01-17,19.0
2008-01-18,54.0
2008-01-19,46.7
2008-01-20,29.9
2008-01-21,23.3
2008-01-22,21.7
2008-01-23,22.0
2008-01-24,21.6
2008-01-25,20.0
2008-01-26,19.6
2008-01-27,19.9
2008-01-28,19.2
2008-01-29,19.7
2008-01-30,24.8
2008-01-31,21.2
2008-02-01,461.0
2008-02-02,185.0
2008-02-03,58.4
2008-02-04,41.7
2008-02-05,36.6
2008-02-06,33.1
2008-02-07,31.0
2008-02-08,26.7
2008-02-09,25.7
2008-02-10,25.5
2008-02-11,22.9
2008-02-12,22.4
2008-02-13,238.0
2008-02-14,109.0
2008-02-15,48.0
2008-02-16,37.7
2008-02-17,32.4
2008-02-18,31.8
2008-02-19,29.1
2008-02-20,25.7
2008-02-21,24.5
2008-02-22,29.7
2008-02-23,32.5
2008-02-24,26.1
2008-02-25,24.9
2008-02-26,26.0
2008-02-27,27.5
2008-02-28,23.5
2008-02-29,21.6
2008-03-01,23.2
2008-03-02,21.5
2008-03-03,21.0
2008-03-04,22.8
2008-03-05,465.0
2008-03-06,80.2
2008-03-07,65.5
2008-03-08,164.0
2008-03-09,97.1
2008-03-10,50.6
2008-03-11,43.9
2008-03-12,39.4
2008-03-13,35.2
2008-03-14,33.3
2008-03-15,32.9
2008-03-16,42.8
2008-03-17,34.9
2008-03-18,30.1
2008-03-19,43.0
2008-03-20,81.5
2008-03-21,38.0
2008-03-22,32.3
2008-03-23,30.4
2008-03-24,29.0
2008-03-25,27.8
2008-03-26,27.7
2008-03-27,27.3
2008-03-28,27.8
2008-03-29,25.9
2008-03-30,24.6
2008-03-31,25.0
2008-04-01,37.0
2008-04-02,30.3
2008-04-03,26.8
2008-04-04,173.0
2008-04-05,51.9
2008-04-06,72.6
2008-04-07,52.2
2008-04-08,40.3
2008-04-09,36.5
2008-04-10,34.0
2008-04-11,32.5
2008-04-12,67.1
2008-04-13,37.4
2008-04-14,32.4
2008-04-15,29.3
2008-04-16,27.7
2008-04-17,27.3
2008-04-18,27.0
2008-04-19,25.9
2008-04-20,657.0
2008-04-21,1010.0
2008-04-22,220.0
2008-04-23,94.8
2008-04-24,62.0
2008-04-25,50.5
2008-04-26,43.4
2008-04-27,83.3
2008-04-28,192.0
2008-04-29,126.0
2008-04-30,57.4
2008-05-01,47.1
2008-05-02,43.9
2008-05-03,39.4
2008-05-04,35.8
2008-05-05,32.4
2008-05-06,31.4
2008-05-07,30.1
2008-05-08,29.1
2008-05-09,869.0
2008-05-10,244.0
2008-05-11,313.0
2008-05-12,2190.0
2008-05-13,264.0
2008-05-14,113.0
2008-05-15,75.8
2008-05-16,263.0
2008-05-17,96.7
2008-05-18,65.7
2008-05-19,58.2
2008-05-20,180.0
2008-05-21,81.9
2008-05-22,55.3
2008-05-23,46.7
2008-05-24,42.6
2008-05-25,39.9
2008-05-26,37.5
2008-05-27,35.7
2008-05-28,34.2
2008-05-29,31.4
2008-05-30,30.7
2008-05-31,133.0
2008-06-01,87.1
2008-06-02,44.4
2008-06-03,35.8
2008-06-04,403.0
2008-06-05,640.0
2008-06-06,95.0
2008-06-07,59.5
2008-06-08,46.4
2008-06-09,38.8
2008-06-10,34.4
2008-06-11,51.9
2008-06-12,31.5
2008-06-13,28.4
2008-06-14,28.6
2008-06-15,38.0
2008-06-16,81.7
2008-06-17,111.0
2008-06-18,37.4
2008-06-19,33.0
2008-06-20,29.6
2008-06-21,27.8
2008-06-22,58.9
2008-06-23,93.5
2008-06-24,83.2
2008-06-25,32.8
2008-06-26,27.6
2008-06-27,25.9
2008-06-28,31.3
2008-06-29,26.1
2008-06-30,23.8
2008-07-01,29.7
2008-07-02,22.8
2008-07-03,20.2
2008-07-04,19.2
2008-07-05,22.7
2008-07-06,27.9
2008-07-07,42.5
2008-07-08,22.1
2008-07-09,19.8
2008-07-10,19.5
2008-07-11,17.2
2008-07-12,16.5
2008-07-13,16.6
2008-07-14,107.0
2008-07-15,30.0
2008-07-16,20.8
2008-07-17,17.4
2008-07-18,15.7
2008-07-19,14.3
2008-07-20,13.2
2008-07-21,12.7
2008-07-22,43.4
2008-07-23,33.2
2008-07-24,124.0
2008-07-25,26.8
2008-07-26,17.9
2008-07-27,19.8
2008-07-28,29.2
2008-07-29,17.3
2008-07-30,14.8
2008-07-31,14.0
2008-08-01,13.0
2008-08-02,25.3
2008-08-03,30.2
2008-08-04,13.8
2008-08-05,11.7
2008-08-06,11.0
2008-08-07,9.77
2008-08-08,8.97
2008-08-09,7.96
2008-08-10,7.36
2008-08-11,7.42
2008-08-12,6.61
2008-08-13,7.12
2008-08-14,9.19
2008-08-15,14.2
2008-08-16,8.2
2008-08-17,6.68
2008-08-18,5.87
2008-08-19,5.58
2008-08-20,4.92
2008-08-21,4.46
2008-08-22,4.26
2008-08-23,4.21
2008-08-24,4.33
2008-08-25,4.05
2008-08-26,3.7
2008-08-27,3.55
2008-08-28,17.9
2008-08-29,96.5
2008-08-30,33.3
2008-08-31,12.8
2008-09-01,9.27
2008-09-02,7.72
2008-09-03,6.72
2008-09-04,5.8
2008-09-05,5.26
2008-09-06,3800.0
2008-09-07,605.0
2008-09-08,60.3
2008-09-09,41.4
2008-09-10,38.1
2008-09-11,26.0
2008-09-12,23.4
2008-09-13,24.0
2008-09-14,21.7
2008-09-15,19.5
2008-09-16,17.2
2008-09-17,17.2
2008-09-18,16.0
2008-09-19,15.1
2008-09-20,14.7
2008-09-21,14.7
2008-09-22,14.5
2008-09-23,14.3
2008-09-24,13.5
2008-09-25,13.4
2008-09-26,41.4
2008-09-27,106.0
2008-09-28,33.2
2008-09-29,32.9
2008-09-30,27.3
2008-10-01,132.0
2008-10-02,42.7
2008-10-03,23.1
2008-10-04,18.8
2008-10-05,16.8
2008-10-06,15.2
2008-10-07,14.7
2008-10-08,14.1
2008-10-09,15.7
2008-10-10,14.7
2008-10-11,14.1
2008-10-12,13.4
2008-10-13,13.1
2008-10-14,12.8
2008-10-15,12.8
2008-10-16,12.8
2008-10-17,12.2
2008-10-18,11.6
2008-10-19,11.3
2008-10-20,10.9
2008-10-21,11.0
2008-10-22,11.3
2008-10-23,11.0
2008-10-24,11.1
2008-10-25,117.0
2008-10-26,103.0
2008-10-27,27.3
2008-10-28,26.8
2008-10-29,21.8
2008-10-30,17.1
2008-10-31,16.1
2008-11-01,16.0
2008-11-02,16.0
2008-11-03,15.5
2008-11-04,15.9
2008-11-05,18.1
2008-11-06,18.0
2008-11-07,17.1
2008-11-08,17.0
2008-11-09,17.1
2008-11-10,15.5
2008-11-11,14.8
2008-11-12,14.9
2008-11-13,93.8
2008-11-14,61.3
2008-11-15,78.5
2008-11-16,51.6
2008-11-17,28.1
2008-11-18,23.4
2008-11-19,21.2
2008-11-20,21.3
2008-11-21,19.7
2008-11-22,18.2
2008-11-23,17.6
2008-11-24,17.7
2008-11-25,24.8
2008-11-26,21.5
2008-11-27,18.8
2008-11-28,18.6
2008-11-29,19.0
2008-11-30,40.3
2008-12-01,123.0
2008-12-02,37.2
2008-12-03,30.5
2008-12-04,27.4
2008-12-05,25.0
2008-12-06,22.8
2008-12-07,23.1
2008-12-08,20.8
2008-12-09,20.6
2008-12-10,22.4
2008-12-11,145.0
2008-12-12,410.0
2008-12-13,68.3
2008-12-14,44.1
2008-12-15,37.4
2008-12-16,38.9
2008-12-17,236.0
2008-12-18,65.9
2008-12-19,62.5
2008-12-20,66.4
2008-12-21,45.8
2008-12-22,38.8
2008-12-23,31.7
2008-12-24,33.0
2008-12-25,34.2
2008-12-26,31.0
2008-12-27,35.8
2008-12-28,34.9
2008-12-29,32.5
2008-12-30,32.6
2008-12-31,33.2
2009-01-01,31.1
2009-01-02,31.2
2009-01-03,31.5
2009-01-04,31.4
2009-01-05,31.8
2009-01-06,40.2
2009-01-07,639.0
2009-01-08,271.0
2009-01-09,76.8
2009-01-10,54.5
2009-01-11,64.9
2009-01-12,47.5
2009-01-13,41.9
2009-01-14,38.9
2009-01-15,35.6
2009-01-16,24.0
2009-01-17,28.2
2009-01-18,31.1
2009-01-19,31.7
2009-01-20,30.0
2009-01-21,27.2
2009-01-22,24.6
2009-01-23,30.9
2009-01-24,32.1
2009-01-25,23.0
2009-01-26,25.0
2009-01-27,27.4
2009-01-28,44.2
2009-01-29,55.7
2009-01-30,42.3
2009-01-31,34.6
2009-02-01,31.8
2009-02-02,39.5
2009-02-03,40.8
2009-02-04,35.7
2009-02-05,27.0
2009-02-06,20.0
2009-02-07,25.2
2009-02-08,30.3
2009-02-09,30.2
2009-02-10,29.7
2009-02-11,31.1
2009-02-12,36.6
2009-02-13,29.7
2009-02-14,27.8
2009-02-15,27.8
2009-02-16,27.1
2009-02-17,26.4
2009-02-18,29.5
2009-02-19,35.8
2009-02-20,28.5
2009-02-21,25.8
2009-02-22,27.2
2009-02-23,27.1
2009-02-24,25.3
2009-02-25,24.8
2009-02-26,25.8
2009-02-27,27.2
2009-02-28,28.6
2009-03-01,30.8
2009-03-02,42.2
2009-03-03,34.0
2009-03-04,30.0
2009-03-05,33.9
2009-03-06,43.1
2009-03-07,42.2
2009-03-08,37.3
2009-03-09,34.6
2009-03-10,31.2
2009-03-11,31.2
2009-03-12,30.3
2009-03-13,28.3
2009-03-14,29.1
2009-03-15,33.9
2009-03-16,36.7
2009-03-17,39.1
2009-03-18,33.8
2009-03-19,31.7
2009-03-20,32.8
2009-03-21,28.9
2009-03-22,28.2
2009-03-23,27.9
2009-03-24,26.8
2009-03-25,26.4
2009-03-26,33.0
2009-03-27,50.7
2009-03-28,278.0
2009-03-29,93.4
2009-03-30,58.4
2009-03-31,43.4
2009-04-01,39.6
2009-04-02,39.3
2009-04-03,169.0
2009-04-04,81.2
2009-04-05,48.6
2009-04-06,45.6
2009-04-07,43.9
2009-04-08,36.6
2009-04-09,34.0
2009-04-10,32.3
2009-04-11,142.0
2009-04-12,77.0
2009-04-13,47.2
2009-04-14,48.7
2009-04-15,98.1
2009-04-16,140.0
2009-04-17,56.7
2009-04-18,47.5
2009-04-19,42.9
2009-04-20,268.0
2009-04-21,313.0
2009-04-22,99.2
2009-04-23,62.0
2009-04-24,51.6
2009-04-25,46.7
2009-04-26,43.1
2009-04-27,38.9
2009-04-28,35.5
2009-04-29,43.5
2009-04-30,49.3
2009-05-01,38.5
2009-05-02,36.2
2009-05-03,95.4
2009-05-04,367.0
2009-05-05,154.0
2009-05-06,123.0
2009-05-07,760.0
2009-05-08,165.0
2009-05-09,88.5
2009-05-10,61.0
2009-05-11,55.5
2009-05-12,125.0
2009-05-13,53.0
2009-05-14,44.5
2009-05-15,265.0
2009-05-16,70.6
2009-05-17,131.0
2009-05-18,55.4
2009-05-19,43.8
2009-05-20,39.7
2009-05-21,36.7
2009-05-22,34.6
2009-05-23,33.0
2009-05-24,32.1
2009-05-25,34.5
2009-05-26,1070.0
2009-05-27,161.0
2009-05-28,81.4
2009-05-29,153.0
2009-05-30,215.0
2009-05-31,99.6
2009-06-01,58.5
2009-06-02,46.5
2009-06-03,175.0
2009-06-04,630.0
2009-06-05,526.0
2009-06-06,217.0
2009-06-07,105.0
2009-06-08,78.7
2009-06-09,388.0
2009-06-10,151.0
2009-06-11,256.0
2009-06-12,96.8
2009-06-13,74.5
2009-06-14,65.9
2009-06-15,58.8
2009-06-16,55.5
2009-06-17,56.4
2009-06-18,559.0
2009-06-19,154.0
2009-06-20,154.0
2009-06-21,88.6
2009-06-22,60.6
2009-06-23,51.1
2009-06-24,46.3
2009-06-25,42.4
2009-06-26,40.7
2009-06-27,42.1
2009-06-28,38.8
2009-06-29,41.7
2009-06-30,41.6
2009-07-01,40.5
2009-07-02,48.2
2009-07-03,36.6
2009-07-04,34.2
2009-07-05,32.5
2009-07-06,33.2
2009-07-07,31.8
2009-07-08,29.9
2009-07-09,26.9
2009-07-10,25.9
2009-07-11,25.0
2009-07-12,25.1
2009-07-13,23.6
2009-07-14,21.9
2009-07-15,20.5
2009-07-16,20.1
2009-07-17,20.6
2009-07-18,21.9
2009-07-19,17.0
2009-07-20,14.0
2009-07-21,14.3
2009-07-22,13.5
2009-07-23,17.2
2009-07-24,300.0
2009-07-25,36.8
2009-07-26,61.2
2009-07-27,24.2
2009-07-28,19.3
2009-07-29,16.9
2009-07-30,17.3
2009-07-31,35.5
2009-08-01,48.7
2009-08-02,53.9
2009-08-03,28.7
2009-08-04,19.8
2009-08-05,16.4
2009-08-06,15.2
2009-08-07,14.4
2009-08-08,12.8
2009-08-09,12.4
2009-08-10,12.1
2009-08-11,11.4
2009-08-12,11.9
2009-08-13,10.6
2009-08-14,9.95
2009-08-15,10.1
2009-08-16,9.36
2009-08-17,8.5
2009-08-18,8.27
2009-08-19,12.0
2009-08-20,11.2
2009-08-21,129.0
2009-08-22,675.0
2009-08-23,139.0
2009-08-24,44.1
2009-08-25,30.5
2009-08-26,25.8
2009-08-27,22.9
2009-08-28,110.0
2009-08-29,69.6
2009-08-30,69.9
2009-08-31,28.9
2009-09-01,24.4
2009-09-02,22.6
2009-09-03,21.4
2009-09-04,21.7
2009-09-05,19.7
2009-09-06,18.6
2009-09-07,23.6
2009-09-08,34.0
2009-09-09,24.7
2009-09-10,20.3
2009-09-11,45.6
2009-09-12,20.8
2009-09-13,16.0
2009-09-14,14.0
2009-09-15,14.3
2009-09-16,29.3
2009-09-17,15.3
2009-09-18,14.6
2009-09-19,13.3
2009-09-20,12.4
2009-09-21,12.4
2009-09-22,12.6
2009-09-23,12.6
2009-09-24,12.9
2009-09-25,12.5
2009-09-26,16.7
2009-09-27,150.0
2009-09-28,42.0
2009-09-29,19.0
2009-09-30,15.0
2009-10-01,13.7
2009-10-02,12.5
2009-10-03,12.1
2009-10-04,11.4
2009-10-05,10.2
2009-10-06,9.83
2009-10-07,9.44
2009-10-08,8.64
2009-10-09,8.67
2009-10-10,11.4
2009-10-11,11.4
2009-10-12,8.9
2009-10-13,9.18
2009-10-14,8.93
2009-10-15,37.6
2009-10-16,84.3
2009-10-17,228.0
2009-10-18,182.0
2009-10-19,43.8
2009-10-20,26.1
2009-10-21,21.6
2009-10-22,19.1
2009-10-23,19.0
2009-10-24,150.0
2009-10-25,83.5
2009-10-26,40.5
2009-10-27,109.0
2009-10-28,497.0
2009-10-29,79.7
2009-10-30,41.1
2009-10-31,32.8
2009-11-01,159.0
2009-11-02,83.0
2009-11-03,42.0
2009-11-04,33.2
2009-11-05,30.0
2009-11-06,28.1
2009-11-07,26.9
2009-11-08,26.5
2009-11-09,25.4
2009-11-10,25.2
2009-11-11,80.2
2009-11-12,315.0
2009-11-13,175.0
2009-11-14,111.0
2009-11-15,56.4
2009-11-16,43.8
2009-11-17,38.3
2009-11-18,34.9
2009-11-19,38.6
2009-11-20,181.0
2009-11-21,57.5
2009-11-22,40.8
2009-11-23,44.6
2009-11-24,280.0
2009-11-25,106.0
2009-11-26,68.3
2009-11-27,74.9
2009-11-28,50.3
2009-11-29,43.6
2009-11-30,50.9
2009-12-01,64.4
2009-12-02,56.0
2009-12-03,219.0
2009-12-04,69.5
2009-12-05,83.4
2009-12-06,127.0
2009-12-07,73.6
2009-12-08,67.1
2009-12-09,1030.0
2009-12-10,158.0
2009-12-11,79.5
2009-12-12,56.9
2009-12-13,177.0
2009-12-14,122.0
2009-12-15,68.4
2009-12-16,53.8
2009-12-17,46.9
2009-12-18,44.0
2009-12-19,58.5
2009-12-20,68.3
2009-12-21,54.6
2009-12-22,52.4
2009-12-23,51.0
2009-12-24,49.6
2009-12-25,92.3
2009-12-26,1380.0
2009-12-27,261.0
2009-12-28,122.0
2009-12-29,78.6
2009-12-30,61.3
2009-12-31,78.9
2010-01-01,119.0
2010-01-02,71.6
2010-01-03,50.0
2010-01-04,45.0
2010-01-05,46.6
2010-01-06,45.7
2010-01-07,44.4
2010-01-08,45.3
2010-01-09,42.4
2010-01-10,39.6
2010-01-11,37.3
2010-01-12,39.9
2010-01-13,38.8
2010-01-14,39.1
2010-01-15,39.7
2010-01-16,40.5
2010-01-17,162.0
2010-01-18,132.0
2010-01-19,67.1
2010-01-20,56.9
2010-01-21,50.8
2010-01-22,103.0
2010-01-23,80.3
2010-01-24,57.0
2010-01-25,196.0
2010-01-26,103.0
2010-01-27,62.5
2010-01-28,55.0
2010-01-29,48.5
2010-01-30,47.1
2010-01-31,45.0
2010-02-01,50.0
2010-02-02,46.7
2010-02-03,56.6
2010-02-04,56.1
2010-02-05,52.0
2010-02-06,70.2
2010-02-07,80.2
2010-02-08,74.9
2010-02-09,64.1
2010-02-10,70.0
2010-02-11,63.3
2010-02-12,63.6
2010-02-13,62.9
2010-02-14,58.5
2010-02-15,61.6
2010-02-16,60.5
2010-02-17,57.5
2010-02-18,60.3
2010-02-19,85.6
2010-02-20,99.9
2010-02-21,100.0
2010-02-22,134.0
2010-02-23,185.0
2010-02-24,201.0
2010-02-25,162.0
2010-02-26,116.0
2010-02-27,90.5
2010-02-28,102.0
2010-03-01,118.0
2010-03-02,121.0
2010-03-03,121.0
2010-03-04,112.0
2010-03-05,88.5
2010-03-06,78.7
2010-03-07,71.7
2010-03-08,67.9
2010-03-09,64.6
2010-03-10,62.8
2010-03-11,62.4
2010-03-12,182.0
2010-03-13,376.0
2010-03-14,352.0
2010-03-15,160.0
2010-03-16,106.0
2010-03-17,82.9
2010-03-18,74.8
2010-03-19,69.1
2010-03-20,64.7
2010-03-21,62.4
2010-03-22,125.0
2010-03-23,133.0
2010-03-24,74.1
2010-03-25,64.3
2010-03-26,92.5
2010-03-27,71.2
2010-03-28,66.9
2010-03-29,323.0
2010-03-30,113.0
2010-03-31,79.3
2010-04-01,68.1
2010-04-02,64.3
2010-04-03,60.9
2010-04-04,59.3
2010-04-05,57.5
2010-04-06,56.5
2010-04-07,54.0
2010-04-08,52.2
2010-04-09,130.0
2010-04-10,59.8
2010-04-11,52.7
2010-04-12,52.2
2010-04-13,55.3
2010-04-14,63.9
2010-04-15,54.5
2010-04-16,53.6
2010-04-17,51.7
2010-04-18,48.1
2010-04-19,48.0
2010-04-20,47.6
2010-04-21,51.7
2010-04-22,55.5
2010-04-23,48.1
2010-04-24,46.3
2010-04-25,52.7
2010-04-26,59.2
2010-04-27,78.3
2010-04-28,49.6
2010-04-29,45.2
2010-04-30,45.4
2010-05-01,42.7
2010-05-02,41.5
2010-05-03,93.0
2010-05-04,59.0
2010-05-05,41.0
2010-05-06,37.0
2010-05-07,34.1
2010-05-08,34.0
2010-05-09,30.5
2010-05-10,29.6
2010-05-11,31.1
2010-05-12,36.4
2010-05-13,38.4
2010-05-14,34.0
2010-05-15,52.2
2010-05-16,31.4
2010-05-17,37.8
2010-05-18,79.4
2010-05-19,41.5
2010-05-20,36.2
2010-05-21,32.5
2010-05-22,30.8
2010-05-23,601.0
2010-05-24,125.0
2010-05-25,62.8
2010-05-26,46.9
2010-05-27,40.5
2010-05-28,101.0
2010-05-29,46.3
2010-05-30,38.1
2010-05-31,33.1
2010-06-01,30.7
2010-06-02,35.3
2010-06-03,28.8
2010-06-04,36.0
2010-06-05,28.4
2010-06-06,28.4
2010-06-07,27.3
2010-06-08,24.2
2010-06-09,23.1
2010-06-10,26.4
2010-06-11,22.6
2010-06-12,21.3
2010-06-13,21.2
2010-06-14,20.6
2010-06-15,28.2
2010-06-16,24.9
2010-06-17,25.0
2010-06-18,18.7
2010-06-19,17.0
2010-06-20,16.1
2010-06-21,15.5
2010-06-22,14.0
2010-06-23,15.0
2010-06-24,13.9
2010-06-25,12.7
2010-06-26,12.4
2010-06-27,10.8
2010-06-28,88.0
2010-06-29,65.7
2010-06-30,22.9
2010-07-01,16.5
2010-07-02,14.1
2010-07-03,13.1
2010-07-04,12.0
2010-07-05,11.7
2010-07-06,11.1
2010-07-07,10.4
2010-07-08,9.01
2010-07-09,8.3
2010-07-10,73.4
2010-07-11,30.4
2010-07-12,48.3
2010-07-13,209.0
2010-07-14,223.0
2010-07-15,39.0
2010-07-16,30.8
2010-07-17,86.4
2010-07-18,25.5
2010-07-19,94.7
2010-07-20,35.7
2010-07-21,22.6
2010-07-22,18.5
2010-07-23,15.9
2010-07-24,14.4
2010-07-25,27.0
2010-07-26,45.1
2010-07-27,16.3
2010-07-28,13.0
2010-07-29,73.3
2010-07-30,73.9
2010-07-31,21.9
2010-08-01,18.0
2010-08-02,15.2
2010-08-03,15.0
2010-08-04,16.1
2010-08-05,146.0
2010-08-06,187.0
2010-08-07,31.3
2010-08-08,17.6
2010-08-09,14.4
2010-08-10,12.4
2010-08-11,10.9
2010-08-12,31.3
2010-08-13,85.8
2010-08-14,28.3
2010-08-15,24.4
2010-08-16,24.5
2010-08-17,14.9
2010-08-18,1010.0
2010-08-19,122.0
2010-08-20,41.5
2010-08-21,26.7
2010-08-22,22.3
2010-08-23,20.1
2010-08-24,18.3
2010-08-25,17.6
2010-08-26,16.6
2010-08-27,15.9
2010-08-28,14.5
2010-08-29,14.0
2010-08-30,13.4
2010-08-31,12.7
2010-09-01,12.1
2010-09-02,11.5
2010-09-03,10.8
2010-09-04,10.4
2010-09-05,9.36
2010-09-06,8.62
2010-09-07,8.63
2010-09-08,8.13
2010-09-09,7.15
2010-09-10,6.35
2010-09-11,6.45
2010-09-12,28.5
2010-09-13,17.3
2010-09-14,9.63
2010-09-15,8.04
2010-09-16,7.33
2010-09-17,10.7
2010-09-18,8.43
2010-09-19,6.7
2010-09-20,6.22
2010-09-21,5.5
2010-09-22,6.82
2010-09-23,13.2
2010-09-24,6.55
2010-09-25,5.47
2010-09-26,4.55
2010-09-27,49.0
2010-09-28,25.0
2010-09-29,16.0
2010-09-30,1130.0
2010-10-01,800.0
2010-10-02,74.2
2010-10-03,37.5
2010-10-04,194.0
2010-10-05,60.4
2010-10-06,35.3
2010-10-07,31.4
2010-10-08,26.3
2010-10-09,24.0
2010-10-10,21.6
2010-10-11,21.7
2010-10-12,19.9
2010-10-13,19.0
2010-10-14,147.0
2010-10-15,69.1
2010-10-16,30.2
2010-10-17,24.5
2010-10-18,23.0
2010-10-19,22.1
2010-10-20,21.9
2010-10-21,22.6
2010-10-22,20.9
2010-10-23,19.7
2010-10-24,19.7
2010-10-25,19.7
2010-10-26,20.4
2010-10-27,177.0
2010-10-28,85.0
2010-10-29,34.5
2010-10-30,27.4
2010-10-31,25.9
2010-11-01,24.3
2010-11-02,23.4
2010-11-03,23.0
2010-11-04,253.0
2010-11-05,125.0
2010-11-06,47.2
2010-11-07,35.4
2010-11-08,32.0
2010-11-09,30.0
2010-11-10,28.2
2010-11-11,27.2
2010-11-12,26.1
2010-11-13,25.8
2010-11-14,25.8
2010-11-15,25.8
2010-11-16,86.7
2010-11-17,199.0
2010-11-18,57.1
2010-11-19,39.6
2010-11-20,34.5
2010-11-21,31.8
2010-11-22,30.8
2010-11-23,30.6
2010-11-24,28.9
2010-11-25,28.5
2010-11-26,29.5
2010-11-27,28.3
2010-11-28,26.3
2010-11-29,25.8
2010-11-30,27.3
2010-12-01,206.0
2010-12-02,85.7
2010-12-03,50.6
2010-12-04,36.7
2010-12-05,33.4
2010-12-06,30.7
2010-12-07,28.4
2010-12-08,27.0
2010-12-09,23.6
2010-12-10,25.8
2010-12-11,26.4
2010-12-12,74.0
2010-12-13,55.0
2010-12-14,36.6
2010-12-15,25.5
2010-12-16,28.7
2010-12-17,26.6
2010-12-18,28.9
2010-12-19,27.5
2010-12-20,26.6
2010-12-21,25.9
2010-12-22,25.5
2010-12-23,25.5
2010-12-24,23.8
2010-12-25,25.7
2010-12-26,25.9
2010-12-27,24.6
2010-12-28,22.6
2010-12-29,26.4
2010-12-30,26.4
2010-12-31,26.8
2011-01-01,27.4
2011-01-02,29.3
2011-01-03,28.4
2011-01-04,27.8
2011-01-05,26.2
2011-01-06,24.0
2011-01-07,24.5
2011-01-08,23.9
2011-01-09,22.5
2011-01-10,20.0
2011-01-11,22.1
2011-01-12,24.4
2011-01-13,23.1
2011-01-14,23.9
2011-01-15,22.7
2011-01-16,23.4
2011-01-17,24.6
2011-01-18,34.6
2011-01-19,38.7
2011-01-20,33.2
2011-01-21,28.8
2011-01-22,22.3
2011-01-23,27.6
2011-01-24,24.4
2011-01-25,24.3
2011-01-26,38.0
2011-01-27,67.2
2011-01-28,47.4
2011-01-29,39.7
2011-01-30,32.8
2011-01-31,33.7
2011-02-01,29.0
2011-02-02,307.0
2011-02-03,144.0
2011-02-04,58.1
2011-02-05,66.5
2011-02-06,95.0
2011-02-07,71.9
2011-02-08,59.0
2011-02-09,43.6
2011-02-10,39.2
2011-02-11,35.3
2011-02-12,34.3
2011-02-13,33.2
2011-02-14,34.9
2011-02-15,37.1
2011-02-16,31.1
2011-02-17,31.3
2011-02-18,32.2
2011-02-19,31.5
2011-02-20,28.0
2011-02-21,28.5
2011-02-22,37.8
2011-02-23,38.7
2011-02-24,32.5
2011-02-25,61.4
2011-02-26,43.8
2011-02-27,34.5
2011-02-28,140.0
2011-03-01,120.0
2011-03-02,50.6
2011-03-03,39.8
2011-03-04,36.4
2011-03-05,35.3
2011-03-06,463.0
2011-03-07,751.0
2011-03-08,118.0
2011-03-09,69.2
2011-03-10,512.0
2011-03-11,415.0
2011-03-12,112.0
2011-03-13,73.6
2011-03-14,59.0
2011-03-15,53.2
2011-03-16,175.0
2011-03-17,72.0
2011-03-18,56.1
2011-03-19,49.5
2011-03-20,44.0
2011-03-21,74.0
2011-03-22,55.5
2011-03-23,46.7
2011-03-24,87.2
2011-03-25,52.5
2011-03-26,44.5
2011-03-27,41.9
2011-03-28,40.5
2011-03-29,39.0
2011-03-30,38.8
2011-03-31,52.0
2011-04-01,57.1
2011-04-02,44.7
2011-04-03,41.2
2011-04-04,39.0
2011-04-05,99.1
2011-04-06,56.6
2011-04-07,42.9
2011-04-08,55.3
2011-04-09,92.1
2011-04-10,50.2
2011-04-11,46.6
2011-04-12,114.0
2011-04-13,179.0
2011-04-14,79.5
2011-04-15,55.0
2011-04-16,222.0
2011-04-17,431.0
2011-04-18,96.9
2011-04-19,65.9
2011-04-20,58.4
2011-04-21,50.1
2011-04-22,50.3
2011-04-23,104.0
2011-04-24,58.1
2011-04-25,50.0
2011-04-26,45.4
2011-04-27,44.2
2011-04-28,115.0
2011-04-29,58.4
2011-04-30,42.2
2011-05-01,39.5
2011-05-02,39.9
2011-05-03,39.0
2011-05-04,88.5
2011-05-05,53.6
2011-05-06,39.5
2011-05-07,37.9
2011-05-08,35.5
2011-05-09,33.7
2011-05-10,32.3
2011-05-11,31.1
2011-05-12,30.3
2011-05-13,30.1
2011-05-14,33.2
2011-05-15,194.0
2011-05-16,73.0
2011-05-17,138.0
2011-05-18,328.0
2011-05-19,105.0
2011-05-20,78.2
2011-05-21,52.6
2011-05-22,44.5
2011-05-23,48.1
2011-05-24,43.8
2011-05-25,40.2
2011-05-26,36.8
2011-05-27,33.7
2011-05-28,43.1
2011-05-29,32.4
2011-05-30,30.8
2011-05-31,29.0
2011-06-01,27.7
2011-06-02,26.9
2011-06-03,24.2
2011-06-04,23.1
2011-06-05,23.4
2011-06-06,23.4
2011-06-07,22.2
2011-06-08,21.3
2011-06-09,20.4
2011-06-10,21.8
2011-06-11,19.5
2011-06-12,18.9
2011-06-13,37.1
2011-06-14,19.4
2011-06-15,17.5
2011-06-16,16.7
2011-06-17,166.0
2011-06-18,48.4
2011-06-19,27.2
2011-06-20,61.0
2011-06-21,39.1
2011-06-22,48.7
2011-06-23,28.1
2011-06-24,24.1
2011-06-25,20.9
2011-06-26,19.6
2011-06-27,19.4
2011-06-28,20.8
2011-06-29,25.0
2011-06-30,15.8
2011-07-01,14.3
2011-07-02,13.3
2011-07-03,46.8
2011-07-04,22.1
2011-07-05,15.5
2011-07-06,14.4
2011-07-07,15.5
2011-07-08,74.4
2011-07-09,67.0
2011-07-10,23.5
2011-07-11,18.1
2011-07-12,16.2
2011-07-13,342.0
2011-07-14,201.0
2011-07-15,31.1
2011-07-16,19.6
2011-07-17,15.9
2011-07-18,13.9
2011-07-19,13.0
2011-07-20,15.6
2011-07-21,12.8
2011-07-22,11.8
2011-07-23,11.7
2011-07-24,9.43
2011-07-25,45.5
2011-07-26,49.5
2011-07-27,14.2
2011-07-28,10.2
2011-07-29,9.14
2011-07-30,7.83
2011-07-31,6.6
2011-08-01,7.45
2011-08-02,18.9
2011-08-03,7.53
2011-08-04,10.1
2011-08-05,8.43
2011-08-06,6.69
2011-08-07,26.5
2011-08-08,27.9
2011-08-09,8.93
2011-08-10,7.45
2011-08-11,5.49
2011-08-12,4.96
2011-08-13,32.6
2011-08-14,44.6
2011-08-15,30.5
2011-08-16,9.8
2011-08-17,6.91
2011-08-18,110.0
2011-08-19,137.0
2011-08-20,94.9
2011-08-21,16.8
2011-08-22,15.3
2011-08-23,9.02
2011-08-24,7.91
2011-08-25,26.4
2011-08-26,31.1
2011-08-27,47.1
2011-08-28,430.0
2011-08-29,69.6
2011-08-30,34.9
2011-08-31,24.6
2011-09-01,20.6
2011-09-02,18.5
2011-09-03,18.3
2011-09-04,18.6
2011-09-05,18.2
2011-09-06,369.0
2011-09-07,518.0
2011-09-08,4860.0
2011-09-09,1690.0
2011-09-10,179.0
2011-09-11,75.9
2011-09-12,51.3
2011-09-13,39.3
2011-09-14,31.3
2011-09-15,27.7
2011-09-16,25.5
2011-09-17,24.6
2011-09-18,24.7
2011-09-19,23.6
2011-09-20,32.1
2011-09-21,31.8
2011-09-22,35.9
2011-09-23,54.6
2011-09-24,66.4
2011-09-25,32.1
2011-09-26,28.9
2011-09-27,27.5
2011-09-28,52.4
2011-09-29,61.9
2011-09-30,27.5
2011-10-01,29.2
2011-10-02,157.0
2011-10-03,53.6
2011-10-04,35.3
2011-10-05,28.8
2011-10-06,25.1
2011-10-07,23.6
2011-10-08,22.8
2011-10-09,21.2
2011-10-10,20.7
2011-10-11,20.4
2011-10-12,29.2
2011-10-13,562.0
2011-10-14,843.0
2011-10-15,126.0
2011-10-16,58.2
2011-10-17,44.8
2011-10-18,37.1
2011-10-19,124.0
2011-10-20,110.0
2011-10-21,45.7
2011-10-22,37.6
2011-10-23,35.5
2011-10-24,32.9
2011-10-25,37.0
2011-10-26,35.0
2011-10-27,49.3
2011-10-28,45.2
2011-10-29,303.0
2011-10-30,168.0
2011-10-31,68.0
2011-11-01,52.7
2011-11-02,46.0
2011-11-03,42.7
2011-11-04,42.0
2011-11-05,37.4
2011-11-06,35.8
2011-11-07,36.2
2011-11-08,36.5
2011-11-09,37.0
2011-11-10,35.5
2011-11-11,37.5
2011-11-12,32.6
2011-11-13,32.0
2011-11-14,35.1
2011-11-15,39.3
2011-11-16,47.9
2011-11-17,62.4
2011-11-18,43.0
2011-11-19,42.0
2011-11-20,34.7
2011-11-21,37.4
2011-11-22,143.0
2011-11-23,202.0
2011-11-24,71.7
2011-11-25,52.3
2011-11-26,46.5
2011-11-27,43.4
2011-11-28,46.9
2011-11-29,120.0
2011-11-30,93.3
2011-12-01,51.2
2011-12-02,43.4
2011-12-03,40.7
2011-12-04,39.2
2011-12-05,39.8
2011-12-06,49.4
2011-12-07,691.0
2011-12-08,733.0
2011-12-09,134.0
2011-12-10,80.5
2011-12-11,64.1
2011-12-12,58.0
2011-12-13,54.1
2011-12-14,52.4
2011-12-15,50.3
2011-12-16,48.5
2011-12-17,45.4
2011-12-18,44.2
2011-12-19,42.7
2011-12-20,42.8
2011-12-21,43.7
2011-12-22,47.9
2011-12-23,361.0
2011-12-24,87.9
2011-12-25,60.7
2011-12-26,54.0
2011-12-27,158.0
2011-12-28,139.0
2011-12-29,66.9
2011-12-30,56.7
2011-12-31,53.4
2012-01-01,50.6
2012-01-02,52.1
2012-01-03,47.8
2012-01-04,42.3
2012-01-05,44.5
2012-01-06,45.1
2012-01-07,43.9
2012-01-08,41.9
2012-01-09,41.3
2012-01-10,46.6
2012-01-11,46.1
2012-01-12,424.0
2012-01-13,122.0
2012-01-14,68.9
2012-01-15,56.8
2012-01-16,50.9
2012-01-17,73.3
2012-01-18,61.3
2012-01-19,50.0
2012-01-20,49.1
2012-01-21,56.1
2012-01-22,53.5
2012-01-23,52.3
2012-01-24,69.6
2012-01-25,53.5
2012-01-26,51.4
2012-01-27,157.0
2012-01-28,79.3
2012-01-29,55.9
2012-01-30,51.3
2012-01-31,48.9
2012-02-01,47.7
2012-02-02,51.5
2012-02-03,47.7
2012-02-04,46.2
2012-02-05,51.7
2012-02-06,52.3
2012-02-07,44.0
2012-02-08,42.5
2012-02-09,51.5
2012-02-10,45.2
2012-02-11,55.0
2012-02-12,47.5
2012-02-13,42.2
2012-02-14,42.5
2012-02-15,41.8
2012-02-16,46.1
2012-02-17,53.6
2012-02-18,43.6
2012-02-19,41.2
2012-02-20,40.0
2012-02-21,38.7
2012-02-22,39.4
2012-02-23,39.3
2012-02-24,62.2
2012-02-25,71.4
2012-02-26,40.4
2012-02-27,38.8
2012-02-28,38.1
2012-02-29,321.0
2012-03-01,282.0
2012-03-02,96.4
2012-03-03,457.0
2012-03-04,99.4
2012-03-05,69.3
2012-03-06,57.2
2012-03-07,52.9
2012-03-08,51.2
2012-03-09,48.6
2012-03-10,44.1
2012-03-11,43.1
2012-03-12,42.4
2012-03-13,43.0
2012-03-14,42.0
2012-03-15,40.4
2012-03-16,39.8
2012-03-17,40.3
2012-03-18,39.4
2012-03-19,44.3
2012-03-20,41.8
2012-03-21,37.6
2012-03-22,36.9
2012-03-23,37.8
2012-03-24,43.5
2012-03-25,76.4
2012-03-26,51.8
2012-03-27,42.5
2012-03-28,36.5
2012-03-29,36.3
2012-03-30,33.8
2012-03-31,34.3
2012-04-01,34.8
2012-04-02,52.0
2012-04-03,37.7
2012-04-04,33.0
2012-04-05,32.2
2012-04-06,29.9
2012-04-07,29.2
2012-04-08,29.0
2012-04-09,33.2
2012-04-10,31.8
2012-04-11,30.4
2012-04-12,30.3
2012-04-13,28.0
2012-04-14,27.6
2012-04-15,27.6
2012-04-16,27.6
2012-04-17,29.2
2012-04-18,29.1
2012-04-19,38.5
2012-04-20,30.5
2012-04-21,30.3
2012-04-22,95.0
2012-04-23,193.0
2012-04-24,62.6
2012-04-25,39.3
2012-04-26,34.3
2012-04-27,35.1
2012-04-28,32.1
2012-04-29,41.4
2012-04-30,32.1
2012-05-01,32.8
2012-05-02,29.7
2012-05-03,27.0
2012-05-04,39.3
2012-05-05,34.2
2012-05-06,25.4
2012-05-07,24.2
2012-05-08,24.9
2012-05-09,33.4
2012-05-10,72.6
2012-05-11,29.4
2012-05-12,22.2
2012-05-13,21.0
2012-05-14,60.4
2012-05-15,163.0
2012-05-16,47.6
2012-05-17,30.1
2012-05-18,24.8
2012-05-19,22.4
2012-05-20,20.6
2012-05-21,61.1
2012-05-22,58.7
2012-05-23,172.0
2012-05-24,187.0
2012-05-25,53.5
2012-05-26,34.3
2012-05-27,28.7
2012-05-28,68.2
2012-05-29,59.7
2012-05-30,206.0
2012-05-31,41.2
2012-06-01,191.0
2012-06-02,467.0
2012-06-03,69.6
2012-06-04,40.1
2012-06-05,30.6
2012-06-06,27.6
2012-06-07,25.2
2012-06-08,23.5
2012-06-09,22.0
2012-06-10,20.8
2012-06-11,19.2
2012-06-12,28.5
2012-06-13,37.9
2012-06-14,20.7
2012-06-15,18.6
2012-06-16,17.9
2012-06-17,16.7
2012-06-18,28.5
2012-06-19,21.2
2012-06-20,17.2
2012-06-21,15.7
2012-06-22,14.6
2012-06-23,15.5
2012-06-24,13.1
2012-06-25,12.3
2012-06-26,11.0
2012-06-27,10.0
2012-06-28,9.69
2012-06-29,9.9
2012-06-30,72.3
2012-07-01,20.3
2012-07-02,13.3
2012-07-03,11.1
2012-07-04,25.2
2012-07-05,11.7
2012-07-06,8.84
2012-07-07,7.42
2012-07-08,7.42
2012-07-09,33.4
2012-07-10,36.0
2012-07-11,166.0
2012-07-12,24.1
2012-07-13,13.1
2012-07-14,12.3
2012-07-15,12.8
2012-07-16,11.3
2012-07-17,10.6
2012-07-18,9.28
2012-07-19,9.24
2012-07-20,77.9
2012-07-21,65.4
2012-07-22,35.7
2012-07-23,22.4
2012-07-24,20.5
2012-07-25,19.0
2012-07-26,16.8
2012-07-27,15.4
2012-07-28,13.7
2012-07-29,11.8
2012-07-30,9.89
2012-07-31,8.97
2012-08-01,21.4
2012-08-02,17.8
2012-08-03,13.4
2012-08-04,8.96
2012-08-05,7.15
2012-08-06,12.9
2012-08-07,7.81
2012-08-08,6.58
2012-08-09,12.3
2012-08-10,51.7
2012-08-11,28.6
2012-08-12,14.9
2012-08-13,8.57
2012-08-14,7.83
2012-08-15,8.51
2012-08-16,6.48
2012-08-17,5.57
2012-08-18,30.2
2012-08-19,13.8
2012-08-20,16.8
2012-08-21,16.4
2012-08-22,11.1
2012-08-23,18.9
2012-08-24,7.32
2012-08-25,6.06
2012-08-26,30.5
2012-08-27,39.4
2012-08-28,11.6
2012-08-29,8.01
2012-08-30,6.48
2012-08-31,5.76
2012-09-01,5.2
2012-09-02,7.33
2012-09-03,17.0
2012-09-04,13.5
2012-09-05,7.36
2012-09-06,6.2
2012-09-07,6.55
2012-09-08,29.0
2012-09-09,80.4
2012-09-10,17.8
2012-09-11,9.01
2012-09-12,7.03
2012-09-13,5.87
2012-09-14,5.17
2012-09-15,4.73
2012-09-16,4.26
2012-09-17,3.92
2012-09-18,40.1
2012-09-19,70.8
2012-09-20,15.3
2012-09-21,8.8
2012-09-22,7.27
2012-09-23,17.8
2012-09-24,6.79
2012-09-25,5.41
2012-09-26,5.23
2012-09-27,5.08
2012-09-28,48.9
2012-09-29,18.7
2012-09-30,9.08
2012-10-01,7.29
2012-10-02,317.0
2012-10-03,89.9
2012-10-04,30.6
2012-10-05,18.3
2012-10-06,14.1
2012-10-07,11.8
2012-10-08,14.1
2012-10-09,15.7
2012-10-10,13.7
2012-10-11,11.0
2012-10-12,10.3
2012-10-13,9.45
2012-10-14,9.84
2012-10-15,11.2
2012-10-16,16.3
2012-10-17,11.5
2012-10-18,10.2
2012-10-19,89.3
2012-10-20,28.6
2012-10-21,14.1
2012-10-22,12.0
2012-10-23,11.0
2012-10-24,12.0
2012-10-25,11.9
2012-10-26,11.8
2012-10-27,14.2
2012-10-28,19.5
2012-10-29,860.0
2012-10-30,1630.0
2012-10-31,167.0
2012-11-01,67.5
2012-11-02,44.5
2012-11-03,35.1
2012-11-04,30.5
2012-11-05,28.1
2012-11-06,26.1
2012-11-07,25.4
2012-11-08,24.4
2012-11-09,23.3
2012-11-10,26.4
2012-11-11,23.0
2012-11-12,22.3
2012-11-13,137.0
2012-11-14,55.5
2012-11-15,32.9
2012-11-16,28.5
2012-11-17,26.1
2012-11-18,24.9
2012-11-19,24.4
2012-11-20,24.3
2012-11-21,23.3
2012-11-22,22.5
2012-11-23,22.2
2012-11-24,22.7
2012-11-25,20.8
2012-11-26,20.7
2012-11-27,21.9
2012-11-28,22.2
2012-11-29,26.5
2012-11-30,22.4
2012-12-01,21.0
2012-12-02,20.8
2012-12-03,20.9
2012-12-04,21.7
2012-12-05,20.7
2012-12-06,19.7
2012-12-07,19.4
2012-12-08,20.3
2012-12-09,31.4
2012-12-10,30.2
2012-12-11,23.7
2012-12-12,20.6
2012-12-13,19.3
2012-12-14,19.2
2012-12-15,19.5
2012-12-16,19.7
2012-12-17,22.4
2012-12-18,21.6
2012-12-19,19.9
2012-12-20,19.3
2012-12-21,237.0
2012-12-22,52.3
2012-12-23,30.5
2012-12-24,29.0
2012-12-25,44.1
2012-12-26,400.0
2012-12-27,471.0
2012-12-28,94.6
2012-12-29,60.6
2012-12-30,52.4
2012-12-31,38.4
2013-01-01,35.7
2013-01-02,32.8
2013-01-03,30.5
2013-01-04,29.1
2013-01-05,28.4
2013-01-06,27.6
2013-01-07,27.0
2013-01-08,26.0
2013-01-09,25.9
2013-01-10,25.3
2013-01-11,24.9
2013-01-12,26.7
2013-01-13,25.5
2013-01-14,25.7
2013-01-15,58.7
2013-01-16,257.0
2013-01-17,75.4
2013-01-18,46.1
2013-01-19,38.0
2013-01-20,35.5
2013-01-21,32.1
2013-01-22,30.4
2013-01-23,26.8
2013-01-24,27.5
2013-01-25,27.5
2013-01-26,27.6
2013-01-27,27.1
2013-01-28,30.0
2013-01-29,37.0
2013-01-30,182.0
2013-01-31,834.0
2013-02-01,110.0
2013-02-02,59.6
2013-02-03,48.1
2013-02-04,42.3
2013-02-05,39.1
2013-02-06,37.0
2013-02-07,34.0
2013-02-08,47.2
2013-02-09,41.4
2013-02-10,32.8
2013-02-11,47.7
2013-02-12,40.0
2013-02-13,36.5
2013-02-14,67.8
2013-02-15,43.2
2013-02-16,46.4
2013-02-17,37.8
2013-02-18,32.6
2013-02-19,35.8
2013-02-20,37.7
2013-02-21,31.3
2013-02-22,30.7
2013-02-23,34.1
2013-02-24,35.1
2013-02-25,37.6
2013-02-26,47.8
2013-02-27,212.0
2013-02-28,60.6
2013-03-01,45.2
2013-03-02,39.6
2013-03-03,37.2
2013-03-04,35.1
2013-03-05,33.3
2013-03-06,164.0
2013-03-07,207.0
2013-03-08,107.0
2013-03-09,60.9
2013-03-10,49.5
2013-03-11,45.2
2013-03-12,409.0
2013-03-13,149.0
2013-03-14,71.9
2013-03-15,54.7
2013-03-16,48.6
2013-03-17,45.2
2013-03-18,47.9
2013-03-19,112.0
2013-03-20,52.3
2013-03-21,44.8
2013-03-22,41.3
2013-03-23,39.2
2013-03-24,38.5
2013-03-25,73.1
2013-03-26,104.0
2013-03-27,55.6
2013-03-28,45.4
2013-03-29,42.2
2013-03-30,40.2
2013-03-31,39.5
2013-04-01,40.8
2013-04-02,37.4
2013-04-03,35.1
2013-04-04,33.6
2013-04-05,58.4
2013-04-06,41.1
2013-04-07,35.4
2013-04-08,34.6
2013-04-09,33.7
2013-04-10,32.8
2013-04-11,32.5
2013-04-12,93.3
2013-04-13,55.8
2013-04-14,38.1
2013-04-15,33.9
2013-04-16,33.3
2013-04-17,36.3
2013-04-18,38.8
2013-04-19,50.0
2013-04-20,336.0
2013-04-21,65.8
2013-04-22,44.1
2013-04-23,39.0
2013-04-24,37.5
2013-04-25,36.0
2013-04-26,32.7
2013-04-27,30.6
2013-04-28,30.0
2013-04-29,34.6
2013-04-30,40.3
2013-05-01,36.5
2013-05-02,29.8
2013-05-03,28.2
2013-05-04,27.0
2013-05-05,26.1
2013-05-06,28.3
2013-05-07,77.1
2013-05-08,125.0
2013-05-09,64.7
2013-05-10,40.2
2013-05-11,195.0
2013-05-12,95.7
2013-05-13,45.9
2013-05-14,36.2
2013-05-15,33.8
2013-05-16,31.0
2013-05-17,27.2
2013-05-18,25.7
2013-05-19,27.8
2013-05-20,28.5
2013-05-21,27.1
2013-05-22,25.8
2013-05-23,24.7
2013-05-24,38.0
2013-05-25,24.7
2013-05-26,21.0
2013-05-27,19.9
2013-05-28,75.3
2013-05-29,87.2
2013-05-30,27.0
2013-05-31,21.6
2013-06-01,20.0
2013-06-02,34.2
2013-06-03,131.0
2013-06-04,47.6
2013-06-05,24.7
2013-06-06,21.6
2013-06-07,484.0
2013-06-08,136.0
2013-06-09,49.1
2013-06-10,463.0
2013-06-11,537.0
2013-06-12,71.5
2013-06-13,60.6
2013-06-14,49.2
2013-06-15,33.5
2013-06-16,29.8
2013-06-17,27.6
2013-06-18,27.3
2013-06-19,36.0
2013-06-20,26.7
2013-06-21,23.8
2013-06-22,22.0
2013-06-23,35.8
2013-06-24,32.7
2013-06-25,23.2
2013-06-26,21.1
2013-06-27,26.9
2013-06-28,78.6
2013-06-29,121.0
2013-06-30,33.2
2013-07-01,67.9
2013-07-02,27.7
2013-07-03,335.0
2013-07-04,96.0
2013-07-05,39.3
2013-07-06,26.7
2013-07-07,22.6
2013-07-08,33.7
2013-07-09,29.0
2013-07-10,21.6
2013-07-11,25.1
2013-07-12,641.0
2013-07-13,113.0
2013-07-14,47.0
2013-07-15,33.1
2013-07-16,27.2
2013-07-17,23.8
2013-07-18,21.7
2013-07-19,20.0
2013-07-20,18.1
2013-07-21,25.1
2013-07-22,36.4
2013-07-23,35.6
2013-07-24,19.6
2013-07-25,15.8
2013-07-26,14.2
2013-07-27,17.3
2013-07-28,65.8
2013-07-29,23.8
2013-07-30,16.6
2013-07-31,19.6
2013-08-01,36.4
2013-08-02,22.1
2013-08-03,15.9
2013-08-04,21.5
2013-08-05,13.8
2013-08-06,12.7
2013-08-07,14.9
2013-08-08,27.8
2013-08-09,32.2
2013-08-10,14.3
2013-08-11,12.0
2013-08-12,10.8
2013-08-13,37.0
2013-08-14,94.8
2013-08-15,18.7
2013-08-16,12.2
2013-08-17,10.6
2013-08-18,10.9
2013-08-19,14.0
2013-08-20,12.1
2013-08-21,10.8
2013-08-22,11.3
2013-08-23,10.9
2013-08-24,15.8
2013-08-25,9.89
2013-08-26,8.37
2013-08-27,7.61
2013-08-28,9.04
2013-08-29,13.9
2013-08-30,9.97
2013-08-31,8.11
2013-09-01,7.13
2013-09-02,31.7
2013-09-03,16.5
2013-09-04,8.11
2013-09-05,6.29
2013-09-06,5.97
2013-09-07,5.26
2013-09-08,5.53
2013-09-09,5.45
2013-09-10,5.74
2013-09-11,4.9
2013-09-12,6.28
2013-09-13,34.9
2013-09-14,10.1
2013-09-15,5.54
2013-09-16,4.99
2013-09-17,5.19
2013-09-18,6.01
2013-09-19,4.78
2013-09-20,5.13
2013-09-21,7.59
2013-09-22,149.0
2013-09-23,18.0
2013-09-24,9.43
2013-09-25,7.9
2013-09-26,7.25
2013-09-27,6.5
2013-09-28,6.2
2013-09-29,6.08
2013-09-30,5.82
2013-10-01,5.82
2013-10-02,5.34
2013-10-03,5.15
2013-10-04,5.06
2013-10-05,4.79
2013-10-06,4.78
2013-10-07,77.5
2013-10-08,49.3
2013-10-09,12.6
2013-10-10,404.0
2013-10-11,825.0
2013-10-12,1200.0
2013-10-13,98.2
2013-10-14,49.2
2013-10-15,33.0
2013-10-16,26.8
2013-10-17,24.1
2013-10-18,26.6
2013-10-19,21.2
2013-10-20,19.4
2013-10-21,18.6
2013-10-22,18.0
2013-10-23,17.6
2013-10-24,16.9
2013-10-25,16.0
2013-10-26,15.8
2013-10-27,16.3
2013-10-28,16.3
2013-10-29,16.3
2013-10-30,17.1
2013-10-31,16.7
2013-11-01,24.1
2013-11-02,25.1
2013-11-03,16.3
2013-11-04,14.5
2013-11-05,14.5
2013-11-06,15.4
2013-11-07,16.3
2013-11-08,22.8
2013-11-09,20.2
2013-11-10,15.1
2013-11-11,15.2
2013-11-12,15.4
2013-11-13,14.9
2013-11-14,14.8
2013-11-15,15.5
2013-11-16,38.0
2013-11-17,24.2
2013-11-18,33.2
2013-11-19,24.2
2013-11-20,16.9
2013-11-21,16.2
2013-11-22,16.5
2013-11-23,16.8
2013-11-24,15.4
2013-11-25,14.3
2013-11-26,51.2
2013-11-27,709.0
2013-11-28,96.6
2013-11-29,46.2
2013-11-30,33.7
2013-12-01,30.6
2013-12-02,28.7
2013-12-03,26.5
2013-12-04,24.8
2013-12-05,24.4
2013-12-06,83.0
2013-12-07,288.0
2013-12-08,66.9
2013-12-09,426.0
2013-12-10,175.0
2013-12-11,88.9
2013-12-12,54.2
2013-12-13,43.1
2013-12-14,42.6
2013-12-15,207.0
2013-12-16,76.8
2013-12-17,50.0
2013-12-18,43.5
2013-12-19,38.3
2013-12-20,36.4
2013-12-21,35.5
2013-12-22,82.5
2013-12-23,368.0
2013-12-24,120.0
2013-12-25,58.7
2013-12-26,47.3
2013-12-27,41.8
2013-12-28,38.2
2013-12-29,513.0
2013-12-30,175.0
2013-12-31,74.9
2014-01-01,54.3
2014-01-02,48.2
2014-01-03,51.5
2014-01-04,42.0
2014-01-05,64.9
2014-01-06,161.0
2014-01-07,58.1
2014-01-08,58.5
2014-01-09,38.8
2014-01-10,84.0
2014-01-11,491.0
2014-01-12,204.0
2014-01-13,83.0
2014-01-14,90.2
2014-01-15,81.7
2014-01-16,55.9
2014-01-17,48.8
2014-01-18,46.0
2014-01-19,42.2
2014-01-20,42.0
2014-01-21,42.2
2014-01-22,44.2
2014-01-23,44.2
2014-01-24,42.4
2014-01-25,38.0
2014-01-26,37.0
2014-01-27,38.5
2014-01-28,38.3
2014-01-29,36.7
2014-01-30,33.0
2014-01-31,35.1
2014-02-01,35.5
2014-02-02,36.7
2014-02-03,528.0
2014-02-04,147.0
2014-02-05,223.0
2014-02-06,108.0
2014-02-07,66.0
2014-02-08,53.9
2014-02-09,49.3
2014-02-10,46.1
2014-02-11,42.4
2014-02-12,40.3
2014-02-13,69.9
2014-02-14,104.0
2014-02-15,89.5
2014-02-16,64.8
2014-02-17,52.3
2014-02-18,59.9
2014-02-19,202.0
2014-02-20,226.0
2014-02-21,275.0
2014-02-22,149.0
2014-02-23,93.9
2014-02-24,74.2
2014-02-25,60.7
2014-02-26,61.0
2014-02-27,56.5
2014-02-28,48.9
2014-03-01,46.7
2014-03-02,50.3
2014-03-03,154.0
2014-03-04,76.2
2014-03-05,65.6
2014-03-06,66.8
2014-03-07,63.2
2014-03-08,79.9
2014-03-09,85.3
2014-03-10,61.8
2014-03-11,56.3
2014-03-12,54.1
2014-03-13,51.5
2014-03-14,46.1
2014-03-15,47.2
2014-03-16,45.1
2014-03-17,62.9
2014-03-18,64.6
2014-03-19,119.0
2014-03-20,117.0
2014-03-21,65.8
2014-03-22,57.7
2014-03-23,52.0
2014-03-24,48.0
2014-03-25,57.1
2014-03-26,65.8
2014-03-27,54.6
2014-03-28,53.0
2014-03-29,200.0
2014-03-30,863.0
2014-03-31,509.0
2014-04-01,125.0
2014-04-02,87.8
2014-04-03,73.1
2014-04-04,66.5
2014-04-05,61.1
2014-04-06,54.1
2014-04-07,89.5
2014-04-08,103.0
2014-04-09,62.9
2014-04-10,54.2
2014-04-11,51.5
2014-04-12,50.7
2014-04-13,48.8
2014-04-14,47.8
2014-04-15,426.0
2014-04-16,305.0
2014-04-17,100.0
2014-04-18,72.9
2014-04-19,66.1
2014-04-20,58.5
2014-04-21,55.0
2014-04-22,55.6
2014-04-23,54.1
2014-04-24,49.2
2014-04-25,58.8
2014-04-26,90.2
2014-04-27,53.6
2014-04-28,49.0
2014-04-29,150.0
2014-04-30,2530.0
2014-05-01,1080.0
2014-05-02,180.0
2014-05-03,113.0
2014-05-04,86.2
2014-05-05,73.3
2014-05-06,111.0
2014-05-07,84.9
2014-05-08,78.0
2014-05-09,63.2
2014-05-10,60.3
2014-05-11,63.5
2014-05-12,53.9
2014-05-13,78.2
2014-05-14,275.0
2014-05-15,129.0
2014-05-16,2220.0
2014-05-17,204.0
2014-05-18,105.0
2014-05-19,79.7
2014-05-20,71.4
2014-05-21,66.8
2014-05-22,65.1
2014-05-23,55.2
2014-05-24,51.2
2014-05-25,50.3
2014-05-26,48.2
2014-05-27,65.3
2014-05-28,111.0
2014-05-29,77.4
2014-05-30,73.7
2014-05-31,52.3
2014-06-01,46.1
2014-06-02,43.6
2014-06-03,48.2
2014-06-04,51.1
2014-06-05,135.0
2014-06-06,49.6
2014-06-07,42.1
2014-06-08,38.9
2014-06-09,312.0
2014-06-10,84.3
2014-06-11,189.0
2014-06-12,673.0
2014-06-13,489.0
2014-06-14,192.0
2014-06-15,76.6
2014-06-16,57.7
2014-06-17,50.3
2014-06-18,45.7
2014-06-19,42.3
2014-06-20,39.6
2014-06-21,40.1
2014-06-22,41.6
2014-06-23,37.4
2014-06-24,35.6
2014-06-25,35.1
2014-06-26,42.6
2014-06-27,33.3
2014-06-28,32.3
2014-06-29,30.7
2014-06-30,29.3
2014-07-01,28.6
2014-07-02,28.6
2014-07-03,89.9
2014-07-04,88.4
2014-07-05,33.9
2014-07-06,29.6
2014-07-07,31.0
2014-07-08,43.8
2014-07-09,105.0
2014-07-10,84.7
2014-07-11,133.0
2014-07-12,35.8
2014-07-13,31.1
2014-07-14,67.1
2014-07-15,376.0
2014-07-16,415.0
2014-07-17,61.4
2014-07-18,39.9
2014-07-19,34.7
2014-07-20,32.8
2014-07-21,31.9
2014-07-22,30.5
2014-07-23,31.3
2014-07-24,34.8
2014-07-25,28.5
2014-07-26,25.8
2014-07-27,26.4
2014-07-28,27.0
2014-07-29,23.1
2014-07-30,21.7
2014-07-31,21.2
2014-08-01,20.7
2014-08-02,22.5
2014-08-03,27.4
2014-08-04,64.2
2014-08-05,25.2
2014-08-06,30.3
2014-08-07,21.4
2014-08-08,19.4
2014-08-09,18.7
2014-08-10,19.6
2014-08-11,18.0
2014-08-12,925.0
2014-08-13,242.0
2014-08-14,47.2
2014-08-15,31.6
2014-08-16,26.7
2014-08-17,24.5
2014-08-18,23.2
2014-08-19,23.0
2014-08-20,26.5
2014-08-21,90.6
2014-08-22,157.0
2014-08-23,88.2
2014-08-24,79.3
2014-08-25,34.5
2014-08-26,27.8
2014-08-27,24.9
2014-08-28,22.2
2014-08-29,20.1
2014-08-30,19.3
2014-08-31,74.3
2014-09-01,116.0
2014-09-02,44.3
2014-09-03,62.1
2014-09-04,26.2
2014-09-05,22.4
2014-09-06,80.0
2014-09-07,88.9
2014-09-08,28.1
2014-09-09,23.1
2014-09-10,22.6
2014-09-11,21.4
2014-09-12,19.9
2014-09-13,19.8
2014-09-14,22.4
2014-09-15,19.0
2014-09-16,19.0
2014-09-17,18.5
2014-09-18,17.6
2014-09-19,18.3
2014-09-20,18.0
2014-09-21,16.5
2014-09-22,14.6
2014-09-23,13.5
2014-09-24,13.5
2014-09-25,150.0
2014-09-26,46.5
2014-09-27,24.2
2014-09-28,19.3
2014-09-29,18.0
2014-09-30,18.4
2014-10-01,19.6
2014-10-02,19.3
2014-10-03,17.9
2014-10-04,22.3
2014-10-05,18.0
2014-10-06,15.7
2014-10-07,15.4
2014-10-08,68.6
2014-10-09,21.8
2014-10-10,16.9
2014-10-11,55.0
2014-10-12,32.4
2014-10-13,23.3
2014-10-14,25.4
2014-10-15,145.0
2014-10-16,95.6
2014-10-17,42.7
2014-10-18,29.2
2014-10-19,24.6
2014-10-20,22.3
2014-10-21,23.4
2014-10-22,239.0
2014-10-23,79.2
2014-10-24,36.9
2014-10-25,31.0
2014-10-26,27.8
2014-10-27,25.4
2014-10-28,27.6
2014-10-29,25.3
2014-10-30,25.0
2014-10-31,24.4
2014-11-01,23.9
2014-11-02,22.9
2014-11-03,21.5
2014-11-04,22.4
2014-11-05,23.2
2014-11-06,59.4
2014-11-07,45.1
2014-11-08,27.7
2014-11-09,25.5
2014-11-10,29.4
2014-11-11,24.3
2014-11-12,29.1
2014-11-13,23.7
2014-11-14,22.2
2014-11-15,21.8
2014-11-16,23.1
2014-11-17,108.0
2014-11-18,67.3
2014-11-19,40.4
2014-11-20,28.8
2014-11-21,26.8
2014-11-22,25.1
2014-11-23,25.6
2014-11-24,63.5
2014-11-25,35.3
2014-11-26,299.0
2014-11-27,142.0
2014-11-28,63.7
2014-11-29,44.1
2014-11-30,38.6
2014-12-01,35.8
2014-12-02,82.4
2014-12-03,162.0
2014-12-04,55.2
2014-12-05,43.8
2014-12-06,68.9
2014-12-07,194.0
2014-12-08,59.3
2014-12-09,142.0
2014-12-10,83.6
2014-12-11,51.8
2014-12-12,43.8
2014-12-13,40.0
2014-12-14,38.7
2014-12-15,37.2
2014-12-16,92.8
2014-12-17,73.9
2014-12-18,45.0
2014-12-19,39.6
2014-12-20,37.4
2014-12-21,36.1
2014-12-22,37.9
2014-12-23,75.2
2014-12-24,350.0
2014-12-25,132.0
2014-12-26,67.8
2014-12-27,52.4
2014-12-28,47.9
2014-12-29,48.0
2014-12-30,43.4
2014-12-31,40.9
2015-01-01,39.0
2015-01-02,37.7
2015-01-03,54.3
2015-01-04,193.0
2015-01-05,81.7
2015-01-06,53.7
2015-01-07,49.3
2015-01-08,60.5
2015-01-09,42.7
2015-01-10,41.3
2015-01-11,39.7
2015-01-12,133.0
2015-01-13,147.0
2015-01-14,64.2
2015-01-15,51.9
2015-01-16,47.7
2015-01-17,43.9
2015-01-18,45.0
2015-01-19,45.0
2015-01-20,41.0
2015-01-21,41.0
2015-01-22,45.4
2015-01-23,41.4
2015-01-24,444.0
2015-01-25,99.1
2015-01-26,77.4
2015-01-27,75.7
2015-01-28,58.5
2015-01-29,49.8
2015-01-30,51.1
2015-01-31,46.5
2015-02-01,44.0
2015-02-02,62.6
2015-02-03,61.3
2015-02-04,56.6
2015-02-05,57.2
2015-02-06,49.6
2015-02-07,39.9
2015-02-08,40.1
2015-02-09,40.1
2015-02-10,47.2
2015-02-11,40.2
2015-02-12,38.8
2015-02-13,35.8
2015-02-14,35.6
2015-02-15,40.8
2015-02-16,39.5
2015-02-17,38.9
2015-02-18,38.9
2015-02-19,38.0
2015-02-20,35.1
2015-02-21,36.2
2015-02-22,75.7
2015-02-23,92.8
2015-02-24,51.5
2015-02-25,43.8
2015-02-26,42.8
2015-02-27,41.2
2015-02-28,38.2
2015-03-01,45.1
2015-03-02,100.0
2015-03-03,79.6
2015-03-04,72.7
2015-03-05,369.0
2015-03-06,112.0
2015-03-07,78.5
2015-03-08,134.0
2015-03-09,197.0
2015-03-10,234.0
2015-03-11,393.0
2015-03-12,143.0
2015-03-13,87.8
2015-03-14,234.0
2015-03-15,136.0
2015-03-16,83.9
2015-03-17,72.4
2015-03-18,62.9
2015-03-19,57.3
2015-03-20,125.0
2015-03-21,99.6
2015-03-22,66.4
2015-03-23,58.3
2015-03-24,54.0
2015-03-25,50.9
2015-03-26,52.7
2015-03-27,351.0
2015-03-28,105.0
2015-03-29,65.8
2015-03-30,59.5
2015-03-31,55.1
2015-04-01,52.2
2015-04-02,49.9
2015-04-03,66.0
2015-04-04,63.5
2015-04-05,49.2
2015-04-06,47.3
2015-04-07,48.8
2015-04-08,74.2
2015-04-09,56.8
2015-04-10,52.8
2015-04-11,50.3
2015-04-12,46.0
2015-04-13,45.1
2015-04-14,104.0
2015-04-15,100.0
2015-04-16,56.7
2015-04-17,59.4
2015-04-18,51.3
2015-04-19,47.1
2015-04-20,420.0
2015-04-21,124.0
2015-04-22,69.8
2015-04-23,58.2
2015-04-24,52.3
2015-04-25,50.2
2015-04-26,80.4
2015-04-27,52.9
2015-04-28,48.7
2015-04-29,46.6
2015-04-30,46.8
2015-05-01,84.5
2015-05-02,51.6
2015-05-03,44.9
2015-05-04,47.5
2015-05-05,43.1
2015-05-06,79.7
2015-05-07,83.3
2015-05-08,44.4
2015-05-09,40.4
2015-05-10,38.9
2015-05-11,42.9
2015-05-12,40.2
2015-05-13,33.8
2015-05-14,32.6
2015-05-15,32.3
2015-05-16,63.7
2015-05-17,121.0
2015-05-18,48.5
2015-05-19,450.0
2015-05-20,64.6
2015-05-21,65.3
2015-05-22,57.2
2015-05-23,40.3
2015-05-24,36.4
2015-05-25,34.8
2015-05-26,33.7
2015-05-27,33.9
2015-05-28,40.0
2015-05-29,31.9
2015-05-30,33.8
2015-05-31,32.2
2015-06-01,75.2
2015-06-02,105.0
2015-06-03,51.1
2015-06-04,73.9
2015-06-05,101.0
2015-06-06,50.5
2015-06-07,40.8
2015-06-08,131.0
2015-06-09,295.0
2015-06-10,51.0
2015-06-11,35.9
2015-06-12,31.4
2015-06-13,37.2
2015-06-14,37.4
2015-06-15,38.3
2015-06-16,42.0
2015-06-17,28.5
2015-06-18,197.0
2015-06-19,146.0
2015-06-20,122.0
2015-06-21,619.0
2015-06-22,72.1
2015-06-23,126.0
2015-06-24,181.0
2015-06-25,60.0
2015-06-26,90.0
2015-06-27,584.0
2015-06-28,428.0
2015-06-29,78.7
2015-06-30,51.5
2015-07-01,86.7
2015-07-02,62.1
2015-07-03,47.6
2015-07-04,92.2
2015-07-05,74.5
2015-07-06,44.7
2015-07-07,41.1
2015-07-08,310.0
2015-07-09,679.0
2015-07-10,81.1
2015-07-11,52.1
2015-07-12,42.3
2015-07-13,42.0
2015-07-14,40.9
2015-07-15,37.9
2015-07-16,34.2
2015-07-17,31.9
2015-07-18,33.1
2015-07-19,32.7
2015-07-20,28.8
2015-07-21,27.9
2015-07-22,26.9
2015-07-23,23.6
2015-07-24,22.6
2015-07-25,21.9
2015-07-26,21.3
2015-07-27,79.0
2015-07-28,56.4
2015-07-29,29.5
2015-07-30,130.0
2015-07-31,60.2
2015-08-01,28.4
2015-08-02,23.1
2015-08-03,20.8
2015-08-04,19.3
2015-08-05,21.3
2015-08-06,17.8
2015-08-07,17.9
2015-08-08,18.0
2015-08-09,16.3
2015-08-10,54.7
2015-08-11,25.1
2015-08-12,19.4
2015-08-13,16.7
2015-08-14,16.2
2015-08-15,15.2
2015-08-16,13.5
2015-08-17,12.5
2015-08-18,11.9
2015-08-19,11.8
2015-08-20,25.7
2015-08-21,38.7
2015-08-22,16.8
2015-08-23,13.1
2015-08-24,12.7
2015-08-25,16.8
2015-08-26,11.0
2015-08-27,9.6
2015-08-28,9.2
2015-08-29,9.01
2015-08-30,8.91
2015-08-31,9.03
2015-09-01,8.7
2015-09-02,8.23
2015-09-03,8.03
2015-09-04,8.0
2015-09-05,9.67
2015-09-06,8.02
2015-09-07,6.98
2015-09-08,8.04
2015-09-09,12.3
2015-09-10,15.6
2015-09-11,11.3
2015-09-12,8.43
2015-09-13,10.0
2015-09-14,7.37
2015-09-15,6.46
2015-09-16,6.39
2015-09-17,6.23
2015-09-18,6.04
2015-09-19,5.69
2015-09-20,5.24
2015-09-21,5.21
2015-09-22,9.08
2015-09-23,9.18
2015-09-24,7.1
2015-09-25,6.52
2015-09-26,6.59
2015-09-27,6.27
2015-09-28,6.04
2015-09-29,104.0
2015-09-30,446.0
2015-10-01,59.2
2015-10-02,202.0
2015-10-03,220.0
2015-10-04,52.5
2015-10-05,29.0
2015-10-06,22.7
2015-10-07,20.3
2015-10-08,18.4
2015-10-09,27.3
2015-10-10,42.1
2015-10-11,20.5
2015-10-12,18.0
2015-10-13,17.1
2015-10-14,15.7
2015-10-15,15.6
2015-10-16,15.1
2015-10-17,14.5
2015-10-18,14.1
2015-10-19,13.6
2015-10-20,14.1
2015-10-21,14.6
2015-10-22,15.3
2015-10-23,14.7
2015-10-24,13.7
2015-10-25,13.9
2015-10-26,14.3
2015-10-27,13.9
2015-10-28,114.0
2015-10-29,156.0
2015-10-30,31.5
2015-10-31,21.6
2015-11-01,20.1
2015-11-02,19.6
2015-11-03,18.4
2015-11-04,17.4
2015-11-05,26.4
2015-11-06,21.6
2015-11-07,31.0
2015-11-08,30.5
2015-11-09,20.6
2015-11-10,141.0
2015-11-11,55.3
2015-11-12,32.3
2015-11-13,27.0
2015-11-14,22.1
2015-11-15,20.2
2015-11-16,20.0
2015-11-17,19.6
2015-11-18,20.1
2015-11-19,49.6
2015-11-20,62.5
2015-11-21,28.1
2015-11-22,24.1
2015-11-23,21.6
2015-11-24,20.1
2015-11-25,20.6
2015-11-26,19.6
2015-11-27,19.7
2015-11-28,20.3
2015-11-29,31.6
2015-11-30,31.1
2015-12-01,215.0
2015-12-02,103.0
2015-12-03,62.2
2015-12-04,37.0
2015-12-05,30.4
2015-12-06,27.4
2015-12-07,26.4
2015-12-08,25.1
2015-12-09,24.2
2015-12-10,24.1
2015-12-11,23.4
2015-12-12,24.0
2015-12-13,22.9
2015-12-14,23.2
2015-12-15,27.8
2015-12-16,24.8
2015-12-17,61.2
2015-12-18,60.3
2015-12-19,29.3
2015-12-20,24.9
2015-12-21,24.1
2015-12-22,28.1
2015-12-23,91.2
2015-12-24,110.0
2015-12-25,140.0
2015-12-26,164.0
2015-12-27,53.0
2015-12-28,48.1
2015-12-29,220.0
2015-12-30,68.2
2015-12-31,46.8
2016-01-01,37.7
2016-01-02,34.6
2016-01-03,32.5
2016-01-04,30.6
2016-01-05,29.5
2016-01-06,26.5
2016-01-07,27.5
2016-01-08,28.4
2016-01-09,28.3
2016-01-10,332.0
2016-01-11,75.6
2016-01-12,46.4
2016-01-13,39.3
2016-01-14,36.1
2016-01-15,35.8
2016-01-16,102.0
2016-01-17,46.2
2016-01-18,40.4
2016-01-19,34.7
2016-01-20,34.7
2016-01-21,33.5
2016-01-22,33.6
2016-01-23,59.1
2016-01-24,124.0
2016-01-25,67.2
2016-01-26,54.1
2016-01-27,119.0
2016-01-28,91.0
2016-01-29,64.4
2016-01-30,52.0
2016-01-31,69.0
2016-02-01,354.0
2016-02-02,246.0
2016-02-03,573.0
2016-02-04,395.0
2016-02-05,141.0
2016-02-06,83.7
2016-02-07,67.3
2016-02-08,58.2
2016-02-09,108.0
2016-02-10,81.6
2016-02-11,54.9
2016-02-12,48.8
2016-02-13,46.5
2016-02-14,46.0
2016-02-15,45.9
2016-02-16,521.0
2016-02-17,180.0
2016-02-18,92.0
2016-02-19,66.9
2016-02-20,60.5
2016-02-21,64.9
2016-02-22,61.8
2016-02-23,136.0
2016-02-24,445.0
2016-02-25,438.0
2016-02-26,98.9
2016-02-27,71.4
2016-02-28,62.5
2016-02-29,56.7
2016-03-01,51.8
2016-03-02,57.9
2016-03-03,49.9
2016-03-04,51.1
2016-03-05,49.4
2016-03-06,47.3
2016-03-07,46.2
2016-03-08,45.7
2016-03-09,44.7
2016-03-10,44.0
2016-03-11,43.4
2016-03-12,41.3
2016-03-13,44.2
2016-03-14,128.0
2016-03-15,59.4
2016-03-16,49.3
2016-03-17,46.2
2016-03-18,44.0
2016-03-19,48.2
2016-03-20,71.9
2016-03-21,48.1
2016-03-22,43.1
2016-03-23,42.2
2016-03-24,41.0
2016-03-25,40.9
2016-03-26,38.7
2016-03-27,38.1
2016-03-28,62.9
2016-03-29,46.5
2016-03-30,39.4
2016-03-31,40.0
2016-04-01,40.3
2016-04-02,39.9
2016-04-03,38.0
2016-04-04,36.3
2016-04-05,38.3
2016-04-06,35.5
2016-04-07,237.0
2016-04-08,102.0
2016-04-09,54.7
2016-04-10,44.3
2016-04-11,40.9
2016-04-12,41.1
2016-04-13,37.2
2016-04-14,35.9
2016-04-15,35.4
2016-04-16,34.8
2016-04-17,33.7
2016-04-18,33.5
2016-04-19,32.7
2016-04-20,31.0
2016-04-21,30.7
2016-04-22,31.6
2016-04-23,37.2
2016-04-24,34.5
2016-04-25,30.1
2016-04-26,29.6
2016-04-27,27.9
2016-04-28,52.6
2016-04-29,52.7
2016-04-30,34.0
2016-05-01,98.3
2016-05-02,205.0
2016-05-03,488.0
2016-05-04,178.0
2016-05-05,76.0
2016-05-06,266.0
2016-05-07,208.0
2016-05-08,73.2
2016-05-09,52.3
2016-05-10,53.8
2016-05-11,75.7
2016-05-12,71.9
2016-05-13,49.9
2016-05-14,53.1
2016-05-15,59.5
2016-05-16,39.1
2016-05-17,60.6
2016-05-18,64.5
2016-05-19,42.2
2016-05-20,37.7
2016-05-21,96.4
2016-05-22,104.0
2016-05-23,243.0
2016-05-24,170.0
2016-05-25,60.5
2016-05-26,46.5
2016-05-27,41.1
2016-05-28,37.8
2016-05-29,35.3
2016-05-30,37.1
2016-05-31,33.9
2016-06-01,32.1
2016-06-02,29.8
2016-06-03,429.0
2016-06-04,245.0
2016-06-05,59.7
2016-06-06,45.4
2016-06-07,37.4
2016-06-08,33.5
2016-06-09,28.9
2016-06-10,27.2
2016-06-11,26.9
2016-06-12,26.1
2016-06-13,22.9
2016-06-14,22.0
2016-06-15,22.2
2016-06-16,33.9
2016-06-17,263.0
2016-06-18,36.1
2016-06-19,26.9
2016-06-20,23.8
2016-06-21,210.0
2016-06-22,243.0
2016-06-23,159.0
2016-06-24,54.6
2016-06-25,35.8
2016-06-26,30.1
2016-06-27,26.2
2016-06-28,55.0
2016-06-29,67.3
2016-06-30,26.6
2016-07-01,23.7
2016-07-02,22.2
2016-07-03,20.4
2016-07-04,24.3
2016-07-05,160.0
2016-07-06,38.1
2016-07-07,27.1
2016-07-08,26.4
2016-07-09,28.9
2016-07-10,20.0
2016-07-11,19.0
2016-07-12,16.4
2016-07-13,16.2
2016-07-14,16.7
2016-07-15,15.5
2016-07-16,26.0
2016-07-17,28.2
2016-07-18,46.0
2016-07-19,46.1
2016-07-20,19.1
2016-07-21,15.6
2016-07-22,14.2
2016-07-23,13.3
2016-07-24,12.0
2016-07-25,13.2
2016-07-26,11.3
2016-07-27,10.4
2016-07-28,51.8
2016-07-29,353.0
2016-07-30,108.0
2016-07-31,153.0
2016-08-01,38.2
2016-08-02,22.1
2016-08-03,18.2
2016-08-04,16.7
2016-08-05,16.0
2016-08-06,16.5
2016-08-07,34.2
2016-08-08,17.3
2016-08-09,16.8
2016-08-10,19.8
2016-08-11,17.9
2016-08-12,12.9
2016-08-13,11.3
2016-08-14,10.2
2016-08-15,11.9
2016-08-16,82.8
2016-08-17,20.4
2016-08-18,95.2
2016-08-19,21.9
2016-08-20,13.5
2016-08-21,80.3
2016-08-22,65.1
2016-08-23,19.5
2016-08-24,13.3
2016-08-25,11.5
2016-08-26,10.6
2016-08-27,9.74
2016-08-28,8.76
2016-08-29,8.34
2016-08-30,7.89
2016-08-31,7.33
2016-09-01,52.3
2016-09-02,133.0
2016-09-03,16.8
2016-09-04,11.2
2016-09-05,9.89
2016-09-06,9.29
2016-09-07,10.2
2016-09-08,62.1
2016-09-09,18.4
2016-09-10,11.1
2016-09-11,9.08
2016-09-12,7.67
2016-09-13,7.06
2016-09-14,6.81
2016-09-15,6.29
2016-09-16,5.95
2016-09-17,6.76
2016-09-18,7.59
2016-09-19,19.7
2016-09-20,22.2
2016-09-21,11.0
2016-09-22,8.5
2016-09-23,7.32
2016-09-24,6.6
2016-09-25,5.94
2016-09-26,5.66
2016-09-27,18.2
2016-09-28,41.5
2016-09-29,565.0
2016-09-30,133.0
2016-10-01,80.4
2016-10-02,43.3
2016-10-03,23.8
2016-10-04,19.0
2016-10-05,16.6
2016-10-06,15.3
2016-10-07,15.2
2016-10-08,17.4
2016-10-09,23.6
2016-10-10,14.3
2016-10-11,13.1
2016-10-12,13.4
2016-10-13,13.7
2016-10-14,13.3
2016-10-15,12.7
2016-10-16,12.9
2016-10-17,13.5
2016-10-18,13.6
2016-10-19,12.7
2016-10-20,14.2
2016-10-21,20.7
2016-10-22,23.9
2016-10-23,12.6
2016-10-24,11.3
2016-10-25,11.7
2016-10-26,11.5
2016-10-27,12.2
2016-10-28,13.4
2016-10-29,12.7
2016-10-30,12.5
2016-10-31,13.8
2016-11-01,12.6
2016-11-02,12.4
2016-11-03,12.5
2016-11-04,12.3
2016-11-05,11.4
2016-11-06,11.5
2016-11-07,12.1
2016-11-08,12.2
2016-11-09,15.1
2016-11-10,19.6
2016-11-11,13.6
2016-11-12,12.1
2016-11-13,11.6
2016-11-14,12.2
2016-11-15,12.4
2016-11-16,12.1
2016-11-17,12.0
2016-11-18,11.8
2016-11-19,11.9
2016-11-20,13.2
2016-11-21,12.2
2016-11-22,12.0
2016-11-23,11.5
2016-11-24,11.9
2016-11-25,12.5
2016-11-26,12.6
2016-11-27,12.5
2016-11-28,12.1
2016-11-29,14.1
2016-11-30,83.9
2016-12-01,141.0
2016-12-02,29.2
2016-12-03,19.0
2016-12-04,16.2
2016-12-05,34.4
2016-12-06,163.0
2016-12-07,151.0
2016-12-08,38.5
2016-12-09,26.1
2016-12-10,21.0
2016-12-11,19.5
2016-12-12,23.4
2016-12-13,23.1
2016-12-14,19.5
2016-12-15,18.5
2016-12-16,16.3
2016-12-17,25.4
2016-12-18,34.8
2016-12-19,23.4
2016-12-20,20.3
2016-12-21,20.1
2016-12-22,19.7
2016-12-23,19.0
2016-12-24,76.0
2016-12-25,40.8
2016-12-26,25.2
2016-12-27,23.2
2016-12-28,20.7
2016-12-29,27.1
2016-12-30,26.8
2016-12-31,20.2
2017-01-01,19.0
2017-01-02,28.8
2017-01-03,298.0
2017-01-04,95.6
2017-01-05,41.4
2017-01-06,32.0
2017-01-07,26.8
2017-01-08,23.2
2017-01-09,21.1
2017-01-10,21.3
2017-01-11,23.0
2017-01-12,26.0
2017-01-13,22.9
2017-01-14,22.0
2017-01-15,41.0
2017-01-16,26.2
2017-01-17,28.5
2017-01-18,40.1
2017-01-19,26.1
2017-01-20,23.6
2017-01-21,23.3
2017-01-22,22.8
2017-01-23,208.0
2017-01-24,149.0
2017-01-25,53.4
2017-01-26,38.3
2017-01-27,32.3
2017-01-28,28.0
2017-01-29,26.0
2017-01-30,25.8
2017-01-31,24.9
2017-02-01,23.6
2017-02-02,22.9
2017-02-03,22.0
2017-02-04,21.2
2017-02-05,21.2
2017-02-06,21.4
2017-02-07,21.3
2017-02-08,22.0
2017-02-09,29.2
2017-02-10,23.7
2017-02-11,20.1
2017-02-12,20.3
2017-02-13,21.6
2017-02-14,18.8
2017-02-15,19.5
2017-02-16,19.2
2017-02-17,18.1
2017-02-18,18.2
2017-02-19,18.4
2017-02-20,18.3
2017-02-21,18.0
2017-02-22,18.8
2017-02-23,18.5
2017-02-24,18.4
2017-02-25,19.1
2017-02-26,25.9
2017-02-27,17.9
2017-02-28,18.5
2017-03-01,58.5
2017-03-02,31.7
2017-03-03,20.7
2017-03-04,18.2
2017-03-05,17.3
2017-03-06,17.3
2017-03-07,18.3
2017-03-08,27.3
2017-03-09,20.2
2017-03-10,19.6
2017-03-11,21.0
2017-03-12,17.4
2017-03-13,16.9
2017-03-14,47.7
2017-03-15,41.6
2017-03-16,23.0
2017-03-17,36.9
2017-03-18,60.8
2017-03-19,146.0
2017-03-20,51.2
2017-03-21,37.2
2017-03-22,32.4
2017-03-23,28.5
2017-03-24,33.7
2017-03-25,32.1
2017-03-26,25.9
2017-03-27,25.3
2017-03-28,38.1
2017-03-29,44.5
2017-03-30,29.0
2017-03-31,453.0
2017-04-01,137.0
2017-04-02,55.1
2017-04-03,40.7
2017-04-04,42.3
2017-04-05,32.4
2017-04-06,380.0
2017-04-07,134.0
2017-04-08,55.7
2017-04-09,41.7
2017-04-10,35.3
2017-04-11,33.4
2017-04-12,30.7
2017-04-13,28.3
2017-04-14,27.2
2017-04-15,26.2
2017-04-16,25.6
2017-04-17,25.5
2017-04-18,25.6
2017-04-19,22.6
2017-04-20,36.0
2017-04-21,90.2
2017-04-22,54.8
2017-04-23,56.9
2017-04-24,36.2
2017-04-25,64.4
2017-04-26,41.8
2017-04-27,31.8
2017-04-28,28.1
2017-04-29,24.9
2017-04-30,23.3
2017-05-01,22.5
2017-05-02,27.0
2017-05-03,19.8
2017-05-04,17.9
2017-05-05,519.0
2017-05-06,103.0
2017-05-07,56.2
2017-05-08,35.7
2017-05-09,30.1
2017-05-10,27.0
2017-05-11,337.0
2017-05-12,144.0
2017-05-13,382.0
2017-05-14,86.3
2017-05-15,49.1
2017-05-16,38.6
2017-05-17,33.4
2017-05-18,29.6
2017-05-19,47.9
2017-05-20,29.9
2017-05-21,25.2
2017-05-22,83.9
2017-05-23,40.0
2017-05-24,59.8
2017-05-25,170.0
2017-05-26,83.5
2017-05-27,39.6
2017-05-28,55.1
2017-05-29,47.6
2017-05-30,39.5
2017-05-31,182.0
2017-06-01,68.9
2017-06-02,36.8
2017-06-03,30.7
2017-06-04,26.3
2017-06-05,67.4
2017-06-06,42.3
2017-06-07,26.0
2017-06-08,23.9
2017-06-09,21.6
2017-06-10,20.1
2017-06-11,18.9
2017-06-12,18.0
2017-06-13,17.3
2017-06-14,16.4
2017-06-15,15.2
2017-06-16,14.8
2017-06-17,16.9
2017-06-18,15.9
2017-06-19,52.8
2017-06-20,57.8
2017-06-21,20.3
2017-06-22,16.9
2017-06-23,19.9
2017-06-24,31.0
2017-06-25,17.4
2017-06-26,13.1
2017-06-27,11.4
2017-06-28,10.5
2017-06-29,9.96
2017-06-30,9.49
2017-07-01,9.57
2017-07-02,12.0
2017-07-03,9.71
2017-07-04,8.54
2017-07-05,10.2
2017-07-06,365.0
2017-07-07,98.3
2017-07-08,36.0
2017-07-09,20.9
2017-07-10,15.9
2017-07-11,13.5
2017-07-12,12.9
2017-07-13,11.8
2017-07-14,51.2
2017-07-15,39.6
2017-07-16,13.7
2017-07-17,10.6
2017-07-18,13.9
2017-07-19,11.3
2017-07-20,8.31
2017-07-21,7.17
2017-07-22,34.8
2017-07-23,86.9
2017-07-24,226.0
2017-07-25,37.9
2017-07-26,16.9
2017-07-27,13.2
2017-07-28,443.0
2017-07-29,947.0
2017-07-30,71.7
2017-07-31,35.3
2017-08-01,24.6
2017-08-02,19.7
2017-08-03,20.5
2017-08-04,57.4
2017-08-05,21.0
2017-08-06,17.7
2017-08-07,129.0
2017-08-08,65.5
2017-08-09,26.2
2017-08-10,19.0
2017-08-11,16.6
2017-08-12,116.0
2017-08-13,89.6
2017-08-14,29.2
2017-08-15,95.9
2017-08-16,44.8
2017-08-17,24.8
2017-08-18,43.7
2017-08-19,55.1
2017-08-20,21.9
2017-08-21,19.0
2017-08-22,19.6
2017-08-23,14.0
2017-08-24,12.2
2017-08-25,12.0
2017-08-26,11.7
2017-08-27,10.3
2017-08-28,9.55
2017-08-29,37.0
2017-08-30,40.3
2017-08-31,17.2
2017-09-01,13.5
2017-09-02,98.6
2017-09-03,38.9
2017-09-04,19.7
2017-09-05,19.5
2017-09-06,133.0
2017-09-07,77.4
2017-09-08,25.5
2017-09-09,18.5
2017-09-10,15.5
2017-09-11,13.6
2017-09-12,13.1
2017-09-13,15.5
2017-09-14,16.8
2017-09-15,14.7
2017-09-16,13.7
2017-09-17,12.4
2017-09-18,11.3
2017-09-19,11.2
2017-09-20,10.8
2017-09-21,10.2
2017-09-22,9.54
2017-09-23,9.17
2017-09-24,8.55
2017-09-25,8.22
2017-09-26,7.86
2017-09-27,7.72
2017-09-28,7.33
2017-09-29,6.52
2017-09-30,6.0
2017-10-01,5.92
2017-10-02,5.78
2017-10-03,5.82
2017-10-04,5.92
2017-10-05,5.98
2017-10-06,5.89
2017-10-07,5.63
2017-10-08,5.31
2017-10-09,58.7
2017-10-10,22.1
2017-10-11,10.8
2017-10-12,83.1
2017-10-13,17.2
2017-10-14,10.6
2017-10-15,8.91
2017-10-16,8.53
2017-10-17,8.36
2017-10-18,7.67
2017-10-19,7.26
2017-10-20,7.11
2017-10-21,7.05
2017-10-22,6.77
2017-10-23,6.48
2017-10-24,21.4
2017-10-25,16.3
2017-10-26,10.3
2017-10-27,6.86
2017-10-28,6.53
2017-10-29,14.7
2017-10-30,159.0
2017-10-31,25.3
2017-11-01,13.8
2017-11-02,11.1
2017-11-03,9.91
2017-11-04,10.5
2017-11-05,88.9
2017-11-06,24.7
2017-11-07,150.0
2017-11-08,156.0
2017-11-09,34.7
2017-11-10,22.1
2017-11-11,16.6
2017-11-12,15.2
2017-11-13,20.2
2017-11-14,18.9
2017-11-15,15.5
2017-11-16,14.6
2017-11-17,13.7
2017-11-18,13.3
2017-11-19,19.7
2017-11-20,17.4
2017-11-21,13.5
2017-11-22,13.3
2017-11-23,12.6
2017-11-24,12.5
2017-11-25,13.1
2017-11-26,13.0
2017-11-27,12.9
2017-11-28,12.5
2017-11-29,12.5
2017-11-30,12.7
2017-12-01,12.9
2017-12-02,12.8
2017-12-03,12.8
2017-12-04,12.6
2017-12-05,12.5
2017-12-06,17.0
2017-12-07,14.5
2017-12-08,12.7
2017-12-09,13.1
2017-12-10,18.0
2017-12-11,15.4
2017-12-12,14.3
2017-12-13,13.7
2017-12-14,12.6
2017-12-15,12.5
2017-12-16,12.1
2017-12-17,12.3
2017-12-18,12.9
2017-12-19,12.9
2017-12-20,12.9
2017-12-21,12.7
2017-12-22,12.0
2017-12-23,14.0
2017-12-24,45.1
2017-12-25,18.6
2017-12-26,13.7
2017-12-27,12.5
2017-12-28,11.2
2017-12-29,11.1
2017-12-30,12.0
2017-12-31,11.6
2018-01-01,10.7
2018-01-02,9.89
2018-01-03,9.91
2018-01-04,9.2
2018-01-05,8.82
2018-01-06,8.81
2018-01-07,9.04
2018-01-08,8.88
2018-01-09,9.08
2018-01-10,9.16
2018-01-11,11.6
2018-01-12,27.9
2018-01-13,344.0
2018-01-14,46.8
2018-01-15,30.4
2018-01-16,24.9
2018-01-17,22.0
2018-01-18,20.0
2018-01-19,19.3
2018-01-20,18.8
2018-01-21,18.4
2018-01-22,19.0
2018-01-23,24.0
2018-01-24,22.2
2018-01-25,18.0
2018-01-26,16.6
2018-01-27,16.6
2018-01-28,18.1
2018-01-29,21.2
2018-01-30,19.3
2018-01-31,16.9
2018-02-01,16.2
2018-02-02,22.1
2018-02-03,17.7
2018-02-04,175.0
2018-02-05,176.0
2018-02-06,44.9
2018-02-07,90.9
2018-02-08,79.2
2018-02-09,37.0
2018-02-10,114.0
2018-02-11,522.0
2018-02-12,125.0
2018-02-13,57.6
2018-02-14,43.6
2018-02-15,41.7
2018-02-16,43.2
2018-02-17,41.0
2018-02-18,87.0
2018-02-19,58.2
2018-02-20,42.2
2018-02-21,36.7
2018-02-22,33.7
2018-02-23,41.6
2018-02-24,37.3
2018-02-25,80.5
2018-02-26,52.6
2018-02-27,36.7
2018-02-28,33.4
2018-03-01,32.3
2018-03-02,42.4
2018-03-03,29.5
2018-03-04,26.5
2018-03-05,26.0
2018-03-06,25.8
2018-03-07,33.1
2018-03-08,30.1
2018-03-09,26.3
2018-03-10,24.2
2018-03-11,23.7
2018-03-12,23.4
2018-03-13,23.8
2018-03-14,22.8
2018-03-15,22.2
2018-03-16,21.9
2018-03-17,20.6
2018-03-18,21.5
2018-03-19,21.0
2018-03-20,105.0
2018-03-21,98.3
2018-03-22,81.3
2018-03-23,78.2
2018-03-24,46.3
2018-03-25,37.3
2018-03-26,33.1
2018-03-27,31.5
2018-03-28,33.5
2018-03-29,39.5
2018-03-30,33.8
2018-03-31,30.9
2018-04-01,27.9
2018-04-02,29.5
2018-04-03,27.8
2018-04-04,28.2
2018-04-05,26.0
2018-04-06,23.9
2018-04-07,23.7
2018-04-08,22.5
2018-04-09,22.1
2018-04-10,22.5
2018-04-11,22.0
2018-04-12,21.7
2018-04-13,21.5
2018-04-14,20.6
2018-04-15,20.3
2018-04-16,744.0
2018-04-17,106.0
2018-04-18,55.2
2018-04-19,43.2
2018-04-20,35.6
2018-04-21,32.6
2018-04-22,29.2
2018-04-23,28.2
2018-04-24,29.0
2018-04-25,229.0
2018-04-26,84.8
2018-04-27,368.0
2018-04-28,93.7
2018-04-29,51.9
2018-04-30,41.9
2018-05-01,36.9
2018-05-02,34.0
2018-05-03,31.5
2018-05-04,29.3
2018-05-05,27.7
2018-05-06,27.9
2018-05-07,26.2
2018-05-08,24.3
2018-05-09,22.9
2018-05-10,22.2
2018-05-11,21.8
2018-05-12,20.2
2018-05-13,52.5
2018-05-14,282.0
2018-05-15,486.0
2018-05-16,103.0
2018-05-17,377.0
2018-05-18,460.0
2018-05-19,900.0
2018-05-20,158.0
2018-05-21,74.5
2018-05-22,316.0
2018-05-23,176.0
2018-05-24,61.6
2018-05-25,45.0
2018-05-26,50.3
2018-05-27,44.8
2018-05-28,35.9
2018-05-29,34.5
2018-05-30,32.3
2018-05-31,310.0
2018-06-01,504.0
2018-06-02,92.8
2018-06-03,629.0
2018-06-04,209.0
2018-06-05,73.2
2018-06-06,51.4
2018-06-07,42.5
2018-06-08,37.3
2018-06-09,35.2
2018-06-10,42.0
2018-06-11,127.0
2018-06-12,47.9
2018-06-13,36.2
2018-06-14,33.3
2018-06-15,29.5
2018-06-16,26.7
2018-06-17,25.2
2018-06-18,24.5
2018-06-19,151.0
2018-06-20,79.8
2018-06-21,86.4
2018-06-22,56.2
2018-06-23,49.4
2018-06-24,46.5
2018-06-25,36.4
2018-06-26,28.5
2018-06-27,26.7
2018-06-28,28.5
2018-06-29,24.0
2018-06-30,21.8
2018-07-01,20.8
2018-07-02,19.6
2018-07-03,19.0
2018-07-04,18.4
2018-07-05,17.4
2018-07-06,17.4
2018-07-07,16.8
2018-07-08,14.5
2018-07-09,13.9
2018-07-10,13.6
2018-07-11,12.9
2018-07-12,12.0
2018-07-13,11.3
2018-07-14,10.7
2018-07-15,10.4
2018-07-16,11.9
2018-07-17,223.0
2018-07-18,78.5
2018-07-19,26.0
2018-07-20,16.5
2018-07-21,907.0
2018-07-22,1590.0
2018-07-23,491.0
2018-07-24,989.0
2018-07-25,254.0
2018-07-26,233.0
2018-07-27,68.0
2018-07-28,52.4
2018-07-29,37.9
2018-07-30,160.0
2018-07-31,164.0
2018-08-01,1390.0
2018-08-02,440.0
2018-08-03,141.0
2018-08-04,128.0
2018-08-05,63.1
2018-08-06,77.1
2018-08-07,109.0
2018-08-08,61.0
2018-08-09,44.1
2018-08-10,41.5
2018-08-11,38.7
2018-08-12,39.1
2018-08-13,46.6
2018-08-14,37.6
2018-08-15,34.6
2018-08-16,33.0
2018-08-17,32.2
2018-08-18,39.8
2018-08-19,32.6
2018-08-20,30.4
2018-08-21,339.0
2018-08-22,342.0
2018-08-23,61.2
2018-08-24,41.8
2018-08-25,35.4
2018-08-26,32.8
2018-08-27,31.6
2018-08-28,32.4
2018-08-29,29.6
2018-08-30,27.7
2018-08-31,121.0
2018-09-01,117.0
2018-09-02,123.0
2018-09-03,40.2
2018-09-04,35.1
2018-09-05,31.4
2018-09-06,46.8
2018-09-07,68.2
2018-09-08,133.0
2018-09-09,537.0
2018-09-10,147.0
2018-09-11,73.5
2018-09-12,97.3
2018-09-13,70.1
2018-09-14,47.5
2018-09-15,44.0
2018-09-16,40.8
2018-09-17,131.0
2018-09-18,182.0
2018-09-19,64.5
2018-09-20,47.1
2018-09-21,41.6
2018-09-22,41.6
2018-09-23,138.0
2018-09-24,144.0
2018-09-25,273.0
2018-09-26,83.1
2018-09-27,259.0
2018-09-28,767.0
2018-09-29,112.0
2018-09-30,67.1
2018-10-01,56.2
2018-10-02,49.8
2018-10-03,46.6
2018-10-04,44.2
2018-10-05,41.7
2018-10-06,40.3
2018-10-07,40.7
2018-10-08,38.5
2018-10-09,37.7
2018-10-10,37.9
2018-10-11,138.0
2018-10-12,215.0
2018-10-13,57.7
2018-10-14,45.0
2018-10-15,58.9
2018-10-16,48.4
2018-10-17,41.7
2018-10-18,38.3
2018-10-19,37.2
2018-10-20,39.6
2018-10-21,37.6
2018-10-22,35.4
2018-10-23,36.3
2018-10-24,35.7
2018-10-25,34.7
2018-10-26,37.6
2018-10-27,411.0
2018-10-28,87.6
2018-10-29,54.1
2018-10-30,46.8
2018-10-31,43.9
2018-11-01,46.5
2018-11-02,137.0
2018-11-03,439.0
2018-11-04,74.2
2018-11-05,540.0
2018-11-06,409.0
2018-11-07,148.0
2018-11-08,78.6
2018-11-09,150.0
2018-11-10,151.0
2018-11-11,68.6
2018-11-12,66.0
2018-11-13,525.0
2018-11-14,111.0
2018-11-15,394.0
2018-11-16,719.0
2018-11-17,168.0
2018-11-18,98.7
2018-11-19,81.1
2018-11-20,74.1
2018-11-21,66.3
2018-11-22,60.7
2018-11-23,57.2
2018-11-24,537.0
2018-11-25,547.0
2018-11-26,171.0
2018-11-27,111.0
2018-11-28,79.2
2018-11-29,70.5
2018-11-30,66.5
2018-12-01,72.5
2018-12-02,106.0
2018-12-03,73.1
2018-12-04,63.2
2018-12-05,59.3
2018-12-06,56.5
2018-12-07,54.8
2018-12-08,53.2
2018-12-09,54.0
2018-12-10,53.4
2018-12-11,55.0
2018-12-12,50.2
2018-12-13,49.4
2018-12-14,49.4
2018-12-15,1040.0
2018-12-16,1330.0
2018-12-17,191.0
2018-12-18,112.0
2018-12-19,91.6
2018-12-20,86.4
2018-12-21,418.0
2018-12-22,215.0
2018-12-23,96.6
2018-12-24,84.6
2018-12-25,74.8
2018-12-26,70.8
2018-12-27,68.2
2018-12-28,489.0
2018-12-29,161.0
2018-12-30,93.8
2018-12-31,219.0
2019-01-01,167.0
2019-01-02,90.5
2019-01-03,81.0
2019-01-04,75.4
2019-01-05,89.5
2019-01-06,73.5
2019-01-07,66.7
2019-01-08,70.7
2019-01-09,93.8
2019-01-10,66.4
2019-01-11,59.8
2019-01-12,59.3
2019-01-13,74.3
2019-01-14,79.8
2019-01-15,69.8
2019-01-16,67.3
2019-01-17,71.1
2019-01-18,87.1
2019-01-19,142.0
2019-01-20,871.0
2019-01-21,129.0
2019-01-22,86.0
2019-01-23,78.3
2019-01-24,811.0
2019-01-25,230.0
2019-01-26,113.0
2019-01-27,91.9
2019-01-28,82.2
2019-01-29,78.3
2019-01-30,76.9
2019-01-31,71.8
2019-02-01,77.7
2019-02-02,79.8
2019-02-03,70.8
2019-02-04,72.3
2019-02-05,70.6
2019-02-06,67.3
2019-02-07,69.6
2019-02-08,63.7
2019-02-09,57.0
2019-02-10,55.7
2019-02-11,136.0
2019-02-12,408.0
2019-02-13,203.0
2019-02-14,94.4
2019-02-15,81.1
2019-02-16,72.1
2019-02-17,68.3
2019-02-18,191.0
2019-02-19,83.4
2019-02-20,88.5
2019-02-21,255.0
2019-02-22,205.0
2019-02-23,120.0
2019-02-24,426.0
2019-02-25,134.0
2019-02-26,92.7
2019-02-27,83.7
2019-02-28,79.1
2019-03-01,106.0
2019-03-02,358.0
2019-03-03,186.0
2019-03-04,338.0
2019-03-05,110.0
2019-03-06,89.4
2019-03-07,79.3
2019-03-08,79.9
2019-03-09,91.1
2019-03-10,221.0
2019-03-11,99.6
2019-03-12,81.5
2019-03-13,75.5
2019-03-14,73.2
2019-03-15,72.0
2019-03-16,68.2
2019-03-17,65.0
2019-03-18,65.1
2019-03-19,63.3
2019-03-20,62.6
2019-03-21,1060.0
2019-03-22,743.0
2019-03-23,159.0
2019-03-24,111.0
2019-03-25,96.3
2019-03-26,86.2
2019-03-27,79.1
2019-03-28,77.9
2019-03-29,77.7
2019-03-30,75.3
2019-03-31,74.3
2019-04-01,67.6
2019-04-02,67.8
2019-04-03,68.1
2019-04-04,64.1
2019-04-05,77.2
2019-04-06,77.7
2019-04-07,68.0
2019-04-08,67.6
2019-04-09,66.8
2019-04-10,61.2
2019-04-11,59.1
2019-04-12,67.4
2019-04-13,132.0
2019-04-14,73.2
2019-04-15,77.7
2019-04-16,61.1
2019-04-17,59.9
2019-04-18,58.6
2019-04-19,95.5
2019-04-20,167.0
2019-04-21,66.6
2019-04-22,60.8
2019-04-23,56.9
2019-04-24,55.1
2019-04-25,53.3
2019-04-26,84.8
2019-04-27,71.9
2019-04-28,60.1
2019-04-29,52.2
2019-04-30,50.9
2019-05-01,51.2
2019-05-02,216.0
2019-05-03,112.0
2019-05-04,75.3
2019-05-05,479.0
2019-05-06,184.0
2019-05-07,78.9
2019-05-08,65.9
2019-05-09,61.7
2019-05-10,131.0
2019-05-11,207.0
2019-05-12,346.0
2019-05-13,368.0
2019-05-14,133.0
2019-05-15,85.1
2019-05-16,72.9
2019-05-17,67.0
2019-05-18,61.7
2019-05-19,58.1
2019-05-20,53.8
2019-05-21,49.8
2019-05-22,48.6
2019-05-23,104.0
2019-05-24,77.8
2019-05-25,50.5
2019-05-26,57.8
2019-05-27,47.8
2019-05-28,94.4
2019-05-29,52.5
2019-05-30,67.8
2019-05-31,61.3
2019-06-01,45.5
2019-06-02,44.1
2019-06-03,47.2
2019-06-04,39.0
2019-06-05,39.1
2019-06-06,41.7
2019-06-07,37.7
2019-06-08,36.8
2019-06-09,39.2
2019-06-10,50.5
2019-06-11,44.3
2019-06-12,36.4
2019-06-13,157.0
2019-06-14,53.2
2019-06-15,39.5
2019-06-16,37.5
2019-06-17,37.5
2019-06-18,67.9
2019-06-19,81.3
2019-06-20,43.3
2019-06-21,37.4
2019-06-22,32.6
2019-06-23,31.2
2019-06-24,40.3
2019-06-25,118.0
2019-06-26,38.3
2019-06-27,101.0
2019-06-28,189.0
2019-06-29,64.6
2019-06-30,38.2
2019-07-01,32.3
2019-07-02,41.2
2019-07-03,85.7
2019-07-04,35.8
2019-07-05,61.3
2019-07-06,38.9
2019-07-07,65.3
2019-07-08,2230.0
2019-07-09,131.0
2019-07-10,51.0
2019-07-11,119.0
2019-07-12,103.0
2019-07-13,41.7
2019-07-14,35.4
2019-07-15,32.0
2019-07-16,29.9
2019-07-17,44.4
2019-07-18,50.2
2019-07-19,31.2
2019-07-20,28.7
2019-07-21,27.6
2019-07-22,26.5
2019-07-23,84.1
2019-07-24,32.6
2019-07-25,33.1
2019-07-26,25.7
2019-07-27,23.9
2019-07-28,21.7
2019-07-29,20.9
2019-07-30,20.3
2019-07-31,19.3
2019-08-01,19.2
2019-08-02,18.2
2019-08-03,17.3
2019-08-04,24.2
2019-08-05,18.6
2019-08-06,20.3
2019-08-07,161.0
2019-08-08,81.1
2019-08-09,28.3
2019-08-10,22.8
2019-08-11,18.6
2019-08-12,17.7
2019-08-13,17.8
2019-08-14,37.3
2019-08-15,193.0
2019-08-16,179.0
2019-08-17,86.4
2019-08-18,83.7
2019-08-19,44.4
2019-08-20,380.0
2019-08-21,123.0
2019-08-22,39.6
2019-08-23,35.1
2019-08-24,39.4
2019-08-25,26.6
2019-08-26,25.2
2019-08-27,23.9
2019-08-28,25.7
2019-08-29,31.0
2019-08-30,22.6
2019-08-31,21.4
2019-09-01,19.5
2019-09-02,19.4
2019-09-03,32.0
2019-09-04,20.1
2019-09-05,19.6
2019-09-06,17.8
2019-09-07,16.7
2019-09-08,16.1
2019-09-09,15.5
2019-09-10,15.5
2019-09-11,15.7
2019-09-12,19.0
2019-09-13,15.0
2019-09-14,14.4
2019-09-15,14.4
2019-09-16,13.7
2019-09-17,13.0
2019-09-18,12.3
2019-09-19,12.0
2019-09-20,11.5
2019-09-21,11.2
2019-09-22,11.3
2019-09-23,10.5
2019-09-24,10.2
2019-09-25,9.55
2019-09-26,9.43
2019-09-27,9.23
2019-09-28,9.2
2019-09-29,9.43
2019-09-30,12.3
2019-10-01,15.6
2019-10-02,10.8
2019-10-03,10.2
2019-10-04,9.18
2019-10-05,8.31
2019-10-06,8.41
2019-10-07,8.35
2019-10-08,8.9
2019-10-09,8.64
2019-10-10,8.68
2019-10-11,8.38
2019-10-12,8.27
2019-10-13,8.26
2019-10-14,8.29
2019-10-15,8.06
2019-10-16,135.0
2019-10-17,55.2
2019-10-18,17.1
2019-10-19,14.5
2019-10-20,262.0
2019-10-21,112.0
2019-10-22,65.8
2019-10-23,62.4
2019-10-24,25.5
2019-10-25,21.8
2019-10-26,19.3
2019-10-27,242.0
2019-10-28,56.5
2019-10-29,29.7
2019-10-30,25.2
2019-10-31,215.0
2019-11-01,580.0
2019-11-02,61.2
2019-11-03,37.5
2019-11-04,30.4
2019-11-05,28.1
2019-11-06,25.8
2019-11-07,24.6
2019-11-08,28.2
2019-11-09,23.4
2019-11-10,23.0
2019-11-11,22.8
2019-11-12,27.7
2019-11-13,25.1
2019-11-14,21.8
2019-11-15,21.6
2019-11-16,21.1
2019-11-17,21.0
2019-11-18,21.7
2019-11-19,35.7
2019-11-20,25.7
2019-11-21,22.1
2019-11-22,27.5
2019-11-23,32.5
2019-11-24,324.0
2019-11-25,54.2
2019-11-26,37.2
2019-11-27,32.8
2019-11-28,30.0
2019-11-29,26.5
2019-11-30,26.0
2019-12-01,45.3
2019-12-02,49.3
2019-12-03,32.3
2019-12-04,29.3
2019-12-05,28.0
2019-12-06,26.0
2019-12-07,24.9
2019-12-08,24.8
2019-12-09,78.4
2019-12-10,81.1
2019-12-11,96.9
2019-12-12,43.9
2019-12-13,47.5
2019-12-14,128.0
2019-12-15,66.8
2019-12-16,96.0
2019-12-17,156.0
2019-12-18,57.7
2019-12-19,41.9
2019-12-20,36.9
2019-12-21,35.2
2019-12-22,34.0
2019-12-23,33.3
2019-12-24,32.5
2019-12-25,31.3
2019-12-26,30.2
2019-12-27,29.8
2019-12-28,29.5
2019-12-29,42.9
2019-12-30,86.5
2019-12-31,52.7
2020-01-01,37.6
2020-01-02,34.0
2020-01-03,50.3
2020-01-04,73.1
2020-01-05,93.3
2020-01-06,44.0
2020-01-07,40.9
2020-01-08,54.9
2020-01-09,43.2
2020-01-10,37.0
2020-01-11,36.2
2020-01-12,93.0
2020-01-13,46.1
2020-01-14,39.8
2020-01-15,39.4
2020-01-16,36.5
2020-01-17,33.3
2020-01-18,38.0
2020-01-19,66.0
2020-01-20,38.1
2020-01-21,33.8
2020-01-22,33.1
2020-01-23,32.9
2020-01-24,32.9
2020-01-25,825.0
2020-01-26,122.0
2020-01-27,65.0
2020-01-28,50.1
2020-01-29,43.2
2020-01-30,39.2
2020-01-31,37.5
2020-02-01,37.2
2020-02-02,40.6
2020-02-03,36.1
2020-02-04,34.9
2020-02-05,34.2
2020-02-06,132.0
2020-02-07,341.0
2020-02-08,97.7
2020-02-09,59.5
2020-02-10,80.3
2020-02-11,278.0
2020-02-12,101.0
2020-02-13,104.0
2020-02-14,71.9
2020-02-15,54.1
2020-02-16,51.1
2020-02-17,48.0
2020-02-18,45.9
2020-02-19,44.5
2020-02-20,41.9
2020-02-21,40.5
2020-02-22,39.8
2020-02-23,39.1
2020-02-24,38.7
2020-02-25,57.5
2020-02-26,49.7
2020-02-27,228.0
2020-02-28,61.3
2020-02-29,48.7
2020-03-01,43.4
2020-03-02,42.5
2020-03-03,48.0
2020-03-04,44.4
2020-03-05,40.2
2020-03-06,40.7
2020-03-07,41.1
2020-03-08,37.1
2020-03-09,36.6
2020-03-10,37.7
2020-03-11,37.4
2020-03-12,36.5
2020-03-13,55.7
2020-03-14,39.0
2020-03-15,51.2
2020-03-16,40.3
2020-03-17,37.9
2020-03-18,36.4
2020-03-19,90.8
2020-03-20,50.2
2020-03-21,41.8
2020-03-22,37.6
2020-03-23,51.6
2020-03-24,45.8
2020-03-25,74.1
2020-03-26,58.9
2020-03-27,43.7
2020-03-28,131.0
2020-03-29,63.6
2020-03-30,48.1
2020-03-31,43.3
2020-04-01,51.7
2020-04-02,42.5
2020-04-03,38.3
2020-04-04,37.1
2020-04-05,36.8
2020-04-06,36.8
2020-04-07,51.8
2020-04-08,64.5
2020-04-09,50.5
2020-04-10,39.4
2020-04-11,34.8
2020-04-12,34.9
2020-04-13,1160.0
2020-04-14,160.0
2020-04-15,169.0
2020-04-16,72.7
2020-04-17,55.1
2020-04-18,54.3
2020-04-19,48.4
2020-04-20,45.9
2020-04-21,44.0
2020-04-22,40.1
2020-04-23,44.1
2020-04-24,215.0
2020-04-25,66.9
2020-04-26,183.0
2020-04-27,88.2
2020-04-28,60.5
2020-04-29,57.8
2020-04-30,471.0
2020-05-01,285.0
2020-05-02,97.8
2020-05-03,72.1
2020-05-04,447.0
2020-05-05,88.5
2020-05-06,177.0
2020-05-07,85.1
2020-05-08,66.7
2020-05-09,78.6
2020-05-10,53.0
2020-05-11,50.4
2020-05-12,47.1
2020-05-13,44.7
2020-05-14,43.5
2020-05-15,44.2
2020-05-16,40.8
2020-05-17,39.0
2020-05-18,39.0
2020-05-19,38.3
2020-05-20,35.8
2020-05-21,35.6
2020-05-22,56.6
2020-05-23,94.7
2020-05-24,43.6
2020-05-25,38.4
2020-05-26,36.6
2020-05-27,34.9
2020-05-28,35.6
2020-05-29,36.0
2020-05-30,40.9
2020-05-31,33.1
2020-06-01,30.3
2020-06-02,29.9
2020-06-03,29.6
2020-06-04,30.7
2020-06-05,480.0
2020-06-06,130.0
2020-06-07,45.4
2020-06-08,35.9
2020-06-09,32.7
2020-06-10,59.7
2020-06-11,224.0
2020-06-12,50.1
2020-06-13,35.3
2020-06-14,30.8
2020-06-15,28.9
2020-06-16,27.4
2020-06-17,49.0
2020-06-18,93.0
2020-06-19,57.8
2020-06-20,245.0
2020-06-21,64.8
2020-06-22,46.1
2020-06-23,70.5
2020-06-24,36.2
2020-06-25,31.1
2020-06-26,29.7
2020-06-27,47.0
2020-06-28,50.2
2020-06-29,29.0
2020-06-30,25.5
2020-07-01,32.3
2020-07-02,26.8
2020-07-03,23.1
2020-07-04,21.1
2020-07-05,21.9
2020-07-06,40.6
2020-07-07,354.0
2020-07-08,50.0
2020-07-09,30.5
2020-07-10,26.3
2020-07-11,25.5
2020-07-12,22.7
2020-07-13,21.3
2020-07-14,20.0
2020-07-15,17.9
2020-07-16,16.6
2020-07-17,16.0
2020-07-18,15.5
2020-07-19,14.7
2020-07-20,15.2
2020-07-21,48.4
2020-07-22,456.0
2020-07-23,198.0
2020-07-24,368.0
2020-07-25,76.9
2020-07-26,36.5
2020-07-27,28.0
2020-07-28,26.0
2020-07-29,25.3
2020-07-30,21.4
2020-07-31,80.6
2020-08-01,33.3
2020-08-02,24.5
2020-08-03,29.9
2020-08-04,875.0
2020-08-05,108.0
2020-08-06,146.0
2020-08-07,44.8
2020-08-08,32.5
2020-08-09,28.8
2020-08-10,28.1
2020-08-11,25.2
2020-08-12,482.0
2020-08-13,227.0
2020-08-14,84.6
2020-08-15,46.4
2020-08-16,291.0
2020-08-17,70.5
2020-08-18,45.7
2020-08-19,47.1
2020-08-20,37.8
2020-08-21,31.6
2020-08-22,32.3
2020-08-23,35.4
2020-08-24,30.4
2020-08-25,29.1
2020-08-26,31.1
2020-08-27,24.9
2020-08-28,103.0
2020-08-29,289.0
2020-08-30,55.9
2020-08-31,56.0
2020-09-01,85.6
2020-09-02,51.5
2020-09-03,65.2
2020-09-04,54.3
2020-09-05,32.7
2020-09-06,28.1
2020-09-07,25.9
2020-09-08,25.3
2020-09-09,51.3
2020-09-10,481.0
2020-09-11,76.1
2020-09-12,43.4
2020-09-13,33.4
2020-09-14,28.7
2020-09-15,26.0
2020-09-16,23.8
2020-09-17,24.0
2020-09-18,52.7
2020-09-19,28.0
2020-09-20,23.2
2020-09-21,22.1
2020-09-22,21.5
2020-09-23,21.1
2020-09-24,20.4
2020-09-25,20.4
2020-09-26,46.5
2020-09-27,26.8
2020-09-28,23.2
2020-09-29,21.8
2020-09-30,58.3
2020-10-01,26.5
2020-10-02,25.6
2020-10-03,22.0
2020-10-04,19.8
2020-10-05,20.6
2020-10-06,20.0
2020-10-07,19.0
2020-10-08,18.2
2020-10-09,16.8
2020-10-10,17.1
2020-10-11,20.2
2020-10-12,197.0
2020-10-13,63.1
2020-10-14,30.9
2020-10-15,25.5
2020-10-16,23.0
2020-10-17,21.4
2020-10-18,20.1
2020-10-19,20.4
2020-10-20,20.6
2020-10-21,20.4
2020-10-22,20.5
2020-10-23,20.7
2020-10-24,20.5
2020-10-25,45.7
2020-10-26,36.3
2020-10-27,24.9
2020-10-28,22.4
2020-10-29,816.0
2020-10-30,259.0
2020-10-31,70.1
2020-11-01,138.0
2020-11-02,70.9
2020-11-03,42.2
2020-11-04,37.1
2020-11-05,31.9
2020-11-06,30.5
2020-11-07,29.3
2020-11-08,27.9
2020-11-09,27.4
2020-11-10,26.8
2020-11-11,163.0
2020-11-12,800.0
2020-11-13,116.0
2020-11-14,60.4
2020-11-15,47.0
2020-11-16,41.3
2020-11-17,36.8
2020-11-18,33.5
2020-11-19,32.0
2020-11-20,32.1
2020-11-21,31.6
2020-11-22,31.2
2020-11-23,32.8
2020-11-24,29.5
2020-11-25,29.2
2020-11-26,34.4
2020-11-27,31.4
2020-11-28,29.6
2020-11-29,28.7
2020-11-30,479.0
2020-12-01,111.0
2020-12-02,53.7
2020-12-03,44.0
2020-12-04,40.8
2020-12-05,491.0
2020-12-06,85.2
2020-12-07,55.0
2020-12-08,47.4
2020-12-09,42.3
2020-12-10,39.2
2020-12-11,37.9
2020-12-12,36.1
2020-12-13,35.7
2020-12-14,556.0
2020-12-15,145.0
2020-12-16,329.0
2020-12-17,495.0
2020-12-18,109.0
2020-12-19,74.0
2020-12-20,64.2
2020-12-21,63.9
2020-12-22,56.5
2020-12-23,48.2
2020-12-24,493.0
2020-12-25,1040.0
2020-12-26,129.0
2020-12-27,79.8
2020-12-28,66.8
2020-12-29,59.5
2020-12-30,55.1
2020-12-31,53.2
2021-01-01,165.0
2021-01-02,332.0
2021-01-03,184.0
2021-01-04,99.8
2021-01-05,72.5
2021-01-06,63.0
2021-01-07,57.9
2021-01-08,55.0
2021-01-09,52.7
2021-01-10,49.6
2021-01-11,48.3
2021-01-12,48.5
2021-01-13,47.1
2021-01-14,46.7
2021-01-15,45.7
2021-01-16,52.5
2021-01-17,45.4
2021-01-18,43.4
2021-01-19,42.1
2021-01-20,42.0
2021-01-21,40.9
2021-01-22,38.9
2021-01-23,36.6
2021-01-24,35.0
2021-01-25,35.3
2021-01-26,59.7
2021-01-27,51.0
2021-01-28,41.9
2021-01-29,38.5
2021-01-30,37.5
2021-01-31,41.7
2021-02-01,52.7
2021-02-02,57.8
2021-02-03,61.1
2021-02-04,56.9
2021-02-05,69.0
2021-02-06,59.5
2021-02-07,127.0
2021-02-08,87.5
2021-02-09,58.9
2021-02-10,58.7
2021-02-11,151.0
2021-02-12,81.5
2021-02-13,89.1
2021-02-14,93.5
2021-02-15,76.7
2021-02-16,547.0
2021-02-17,92.6
2021-02-18,75.0
2021-02-19,79.8
2021-02-20,85.1
2021-02-21,70.8
2021-02-22,186.0
2021-02-23,143.0
2021-02-24,107.0
2021-02-25,72.5
2021-02-26,61.1
2021-02-27,123.0
2021-02-28,404.0
2021-03-01,396.0
2021-03-02,120.0
2021-03-03,81.7
2021-03-04,70.6
2021-03-05,62.8
2021-03-06,58.9
2021-03-07,55.8
2021-03-08,53.7
2021-03-09,52.6
2021-03-10,51.3
2021-03-11,50.0
2021-03-12,49.4
2021-03-13,47.6
2021-03-14,46.5
2021-03-15,44.7
2021-03-16,45.0
2021-03-17,45.6
2021-03-18,77.4
2021-03-19,66.6
2021-03-20,47.8
2021-03-21,45.8
2021-03-22,45.0
2021-03-23,44.8
2021-03-24,289.0
2021-03-25,128.0
2021-03-26,68.7
2021-03-27,55.1
2021-03-28,223.0
2021-03-29,137.0
2021-03-30,67.5
2021-03-31,159.0
2021-04-01,285.0
2021-04-02,92.0
2021-04-03,69.0
2021-04-04,62.6
2021-04-05,58.0
2021-04-06,54.9
2021-04-07,52.8
2021-04-08,50.4
2021-04-09,155.0
2021-04-10,77.2
2021-04-11,98.9
2021-04-12,84.3
2021-04-13,90.6
2021-04-14,74.1
2021-04-15,136.0
2021-04-16,65.1
2021-04-17,58.1
2021-04-18,53.6
2021-04-19,51.7
2021-04-20,49.5
2021-04-21,47.3
2021-04-22,44.4
2021-04-23,43.6
2021-04-24,44.4
2021-04-25,175.0
2021-04-26,58.4
2021-04-27,48.9
2021-04-28,45.5
2021-04-29,43.9
2021-04-30,44.2
2021-05-01,38.7
2021-05-02,38.4
2021-05-03,38.4
2021-05-04,87.6
2021-05-05,97.7
2021-05-06,48.4
2021-05-07,49.7
2021-05-08,56.4
2021-05-09,41.8
2021-05-10,39.2
2021-05-11,36.6
2021-05-12,35.0
2021-05-13,34.3
2021-05-14,33.8
2021-05-15,32.7
2021-05-16,34.6
2021-05-17,35.4
2021-05-18,32.4
2021-05-19,30.7
2021-05-20,29.5
2021-05-21,28.9
2021-05-22,27.4
2021-05-23,26.7
2021-05-24,53.1
2021-05-25,61.4
2021-05-26,89.1
2021-05-27,175.0
2021-05-28,144.0
2021-05-29,312.0
2021-05-30,69.0
2021-05-31,48.0
2021-06-01,41.1
2021-06-02,37.2
2021-06-03,35.0
2021-06-04,36.0
2021-06-05,38.3
2021-06-06,30.8
2021-06-07,29.1
2021-06-08,28.4
2021-06-09,28.0
2021-06-10,123.0
2021-06-11,337.0
2021-06-12,82.4
2021-06-13,47.3
2021-06-14,61.0
2021-06-15,621.0
2021-06-16,71.4
2021-06-17,44.9
2021-06-18,38.3
2021-06-19,36.0
2021-06-20,39.5
2021-06-21,41.6
2021-06-22,83.6
2021-06-23,47.6
2021-06-24,33.1
2021-06-25,30.3
2021-06-26,29.2
2021-06-27,27.8
2021-06-28,27.0
2021-06-29,25.3
2021-06-30,24.3
2021-07-01,172.0
2021-07-02,289.0
2021-07-03,42.3
2021-07-04,32.8
2021-07-05,30.4
2021-07-06,29.1
2021-07-07,26.7
2021-07-08,70.3
2021-07-09,211.0
2021-07-10,83.0
2021-07-11,35.7
2021-07-12,30.0
2021-07-13,26.9
2021-07-14,24.4
2021-07-15,23.3
2021-07-16,22.4
2021-07-17,80.5
2021-07-18,39.9
2021-07-19,24.1
2021-07-20,21.9
2021-07-21,20.4
2021-07-22,19.4
2021-07-23,18.0
2021-07-24,18.3
2021-07-25,18.0
2021-07-26,17.4
2021-07-27,19.1
2021-07-28,15.7
2021-07-29,37.1
2021-07-30,22.9
2021-07-31,17.5
2021-08-01,32.3
2021-08-02,45.0
2021-08-03,25.1
2021-08-04,20.0
2021-08-05,16.1
2021-08-06,14.6
2021-08-07,13.9
2021-08-08,14.9
2021-08-09,13.9
2021-08-10,13.1
2021-08-11,46.3
2021-08-12,32.5
2021-08-13,153.0
2021-08-14,79.9
2021-08-15,147.0
2021-08-16,64.4
2021-08-17,117.0
2021-08-18,138.0
2021-08-19,39.0
2021-08-20,908.0
2021-08-21,98.1
2021-08-22,45.4
2021-08-23,32.7
2021-08-24,58.4
2021-08-25,28.1
2021-08-26,35.6
2021-08-27,70.6
2021-08-28,50.7
2021-08-29,27.5
2021-08-30,24.4
2021-08-31,23.2
2021-09-01,1660.0
2021-09-02,169.0
2021-09-03,56.9
2021-09-04,39.1
2021-09-05,34.0
2021-09-06,32.6
2021-09-07,28.9
2021-09-08,27.1
2021-09-09,117.0
2021-09-10,37.1
2021-09-11,28.2
2021-09-12,26.1
2021-09-13,25.0
2021-09-14,24.6
2021-09-15,23.8
2021-09-16,80.1
2021-09-17,125.0
2021-09-18,36.9
2021-09-19,28.7
2021-09-20,25.5
2021-09-21,25.2
2021-09-22,28.1
2021-09-23,1140.0
2021-09-24,99.5
2021-09-25,49.3
2021-09-26,36.4
2021-09-27,31.5
2021-09-28,29.6
2021-09-29,28.0
2021-09-30,25.8
2021-10-01,24.0
2021-10-02,23.3
2021-10-03,22.9
2021-10-04,22.4
2021-10-05,24.3
2021-10-06,23.0
2021-10-07,23.8
2021-10-08,21.5
2021-10-09,20.8
2021-10-10,20.4
2021-10-11,20.3
2021-10-12,20.2
2021-10-13,20.8
2021-10-14,19.8
2021-10-15,19.0
2021-10-16,28.1
2021-10-17,38.6
2021-10-18,18.9
2021-10-19,17.2
2021-10-20,17.0
2021-10-21,16.6
2021-10-22,16.1
2021-10-23,15.6
2021-10-24,15.6
2021-10-25,324.0
2021-10-26,638.0
2021-10-27,55.2
2021-10-28,35.3
2021-10-29,611.0
2021-10-30,179.0
2021-10-31,58.8
2021-11-01,39.1
2021-11-02,34.4
2021-11-03,34.4
2021-11-04,29.7
2021-11-05,28.3
2021-11-06,26.8
2021-11-07,26.2
2021-11-08,25.3
2021-11-09,24.7
2021-11-10,25.0
2021-11-11,24.2
2021-11-12,82.5
2021-11-13,37.6
2021-11-14,27.1
2021-11-15,25.5
2021-11-16,24.1
2021-11-17,24.1
2021-11-18,23.8
2021-11-19,26.8
2021-11-20,23.0
2021-11-21,22.7
2021-11-22,24.8
2021-11-23,24.3
2021-11-24,22.7
2021-11-25,22.5
2021-11-26,24.4
2021-11-27,23.3
2021-11-28,22.6
2021-11-29,22.3
2021-11-30,22.2
2021-12-01,22.1
2021-12-02,22.1
2021-12-03,22.2
2021-12-04,21.5
2021-12-05,21.2
2021-12-06,21.5
2021-12-07,22.9
2021-12-08,22.1
2021-12-09,21.3
2021-12-10,21.3
2021-12-11,22.3
2021-12-12,32.6
2021-12-13,22.1
2021-12-14,21.3
2021-12-15,21.5
2021-12-16,21.0
2021-12-17,21.2
2021-12-18,20.5
2021-12-19,20.6
2021-12-20,19.7
2021-12-21,20.1
2021-12-22,20.8
2021-12-23,19.7
2021-12-24,19.5
2021-12-25,20.2
2021-12-26,27.9
2021-12-27,22.2
2021-12-28,21.3
2021-12-29,21.0
2021-12-30,35.1
2021-12-31,26.8
2022-01-01,48.5
2022-01-02,124.0
2022-01-03,87.0
2022-01-04,69.0
2022-01-05,49.1
2022-01-06,46.4
2022-01-07,52.1
2022-01-08,40.9
2022-01-09,95.1
2022-01-10,165.0
2022-01-11,54.0
2022-01-12,41.6
2022-01-13,41.5
2022-01-14,39.6
2022-01-15,37.3
2022-01-16,35.4
2022-01-17,409.0
2022-01-18,100.0
2022-01-19,60.6
2022-01-20,261.0
2022-01-21,89.1
2022-01-22,56.8
2022-01-23,48.7
2022-01-24,47.2
2022-01-25,44.4
2022-01-26,40.0
2022-01-27,36.3
2022-01-28,39.3
2022-01-29,41.2
2022-01-30,36.4
2022-01-31,34.9
2022-02-01,34.6
2022-02-02,34.5
2022-02-03,126.0
2022-02-04,474.0
2022-02-05,159.0
2022-02-06,68.2
2022-02-07,56.2
2022-02-08,52.5
2022-02-09,47.4
2022-02-10,44.5
2022-02-11,42.0
2022-02-12,40.4
2022-02-13,48.6
2022-02-14,44.3
2022-02-15,37.9
2022-02-16,37.8
2022-02-17,38.7
2022-02-18,38.7
2022-02-19,34.7
2022-02-20,33.0
2022-02-21,33.8
2022-02-22,35.2
2022-02-23,38.5
2022-02-24,38.9
2022-02-25,173.0
2022-02-26,59.4
2022-02-27,45.5
2022-02-28,41.6
2022-03-01,39.3
2022-03-02,38.3
2022-03-03,37.7
2022-03-04,34.4
2022-03-05,34.3
2022-03-06,35.6
2022-03-07,36.0
2022-03-08,35.4
2022-03-09,98.3
2022-03-10,63.3
2022-03-11,42.3
2022-03-12,89.4
2022-03-13,72.3
2022-03-14,51.6
2022-03-15,46.7
2022-03-16,45.1
2022-03-17,50.5
2022-03-18,48.0
2022-03-19,44.5
2022-03-20,42.5
2022-03-21,39.3
2022-03-22,38.5
2022-03-23,40.6
2022-03-24,115.0
2022-03-25,138.0
2022-03-26,55.2
2022-03-27,48.2
2022-03-28,42.8
2022-03-29,38.4
2022-03-30,38.6
2022-03-31,56.1
2022-04-01,147.0
2022-04-02,51.9
2022-04-03,45.2
2022-04-04,40.7
2022-04-05,42.2
2022-04-06,512.0
2022-04-07,217.0
2022-04-08,161.0
2022-04-09,78.4
2022-04-10,62.5
2022-04-11,55.1
2022-04-12,52.1
2022-04-13,49.6
2022-04-14,46.2
2022-04-15,46.0
2022-04-16,40.2
2022-04-17,36.5
2022-04-18,58.8
2022-04-19,98.9
2022-04-20,47.0
2022-04-21,42.0
2022-04-22,38.7
2022-04-23,36.5
2022-04-24,35.7
2022-04-25,33.8
2022-04-26,35.3
2022-04-27,37.3
2022-04-28,31.3
2022-04-29,29.1
2022-04-30,28.1
2022-05-01,35.1
2022-05-02,40.7
2022-05-03,33.3
2022-05-04,301.0
2022-05-05,62.5
2022-05-06,120.0
2022-05-07,1230.0
2022-05-08,208.0
2022-05-09,87.5
2022-05-10,64.1
2022-05-11,57.6
2022-05-12,52.3
2022-05-13,68.6
2022-05-14,51.5
2022-05-15,47.6
2022-05-16,83.5
2022-05-17,71.3
2022-05-18,43.6
2022-05-19,42.6
2022-05-20,36.6
2022-05-21,33.5
2022-05-22,242.0
2022-05-23,271.0
2022-05-24,144.0
2022-05-25,63.2
2022-05-26,45.6
2022-05-27,85.4
2022-05-28,227.0
2022-05-29,56.8
2022-05-30,44.8
2022-05-31,40.5
2022-06-01,37.7
2022-06-02,96.6
2022-06-03,99.0
2022-06-04,40.7
2022-06-05,34.3
2022-06-06,31.4
2022-06-07,31.8
2022-06-08,38.9
2022-06-09,136.0
2022-06-10,44.4
2022-06-11,39.5
2022-06-12,38.1
2022-06-13,64.9
2022-06-14,72.4
2022-06-15,34.4
2022-06-16,31.8
2022-06-17,34.6
2022-06-18,30.6
2022-06-19,27.4
2022-06-20,26.2
2022-06-21,26.2
2022-06-22,50.9
2022-06-23,346.0
2022-06-24,54.3
2022-06-25,34.9
2022-06-26,29.2
2022-06-27,33.4
2022-06-28,26.6
2022-06-29,23.7
2022-06-30,22.3
2022-07-01,21.4
2022-07-02,28.8
2022-07-03,62.1
2022-07-04,23.1
2022-07-05,24.2
2022-07-06,27.6
2022-07-07,21.2
2022-07-08,22.9
2022-07-09,1130.0
2022-07-10,89.3
2022-07-11,46.4
2022-07-12,56.1
2022-07-13,71.7
2022-07-14,79.0
2022-07-15,34.5
2022-07-16,49.3
2022-07-17,47.9
2022-07-18,50.8
2022-07-19,42.3
2022-07-20,29.8
2022-07-21,27.4
2022-07-22,43.5
2022-07-23,25.6
2022-07-24,22.4
2022-07-25,78.3
2022-07-26,60.2
2022-07-27,28.0
2022-07-28,43.4
2022-07-29,71.6
2022-07-30,32.3
2022-07-31,25.2
2022-08-01,32.9
2022-08-02,93.9
2022-08-03,27.7
2022-08-04,45.2
2022-08-05,494.0
2022-08-06,117.0
2022-08-07,40.7
2022-08-08,30.0
2022-08-09,28.7
2022-08-10,395.0
2022-08-11,362.0
2022-08-12,51.1
2022-08-13,32.3
2022-08-14,27.3
2022-08-15,29.9
2022-08-16,26.7
2022-08-17,23.8
2022-08-18,24.0
2022-08-19,21.9
2022-08-20,21.9
2022-08-21,20.6
2022-08-22,43.3
2022-08-23,71.5
2022-08-24,24.2
2022-08-25,27.5
2022-08-26,25.6
2022-08-27,21.5
2022-08-28,20.5
2022-08-29,19.3
2022-08-30,18.3
2022-08-31,19.4
2022-09-01,16.2
2022-09-02,14.7
2022-09-03,14.3
2022-09-04,14.1
2022-09-05,13.5
2022-09-06,214.0
2022-09-07,44.3
2022-09-08,29.7
2022-09-09,22.5
2022-09-10,19.2
2022-09-11,134.0
2022-09-12,64.2
2022-09-13,68.2
2022-09-14,28.6
2022-09-15,23.3
2022-09-16,20.2
2022-09-17,18.6
2022-09-18,17.6
2022-09-19,16.9
2022-09-20,16.2
2022-09-21,15.3
2022-09-22,15.1
2022-09-23,14.1
2022-09-24,13.0
2022-09-25,13.3
2022-09-26,13.9
2022-09-27,13.4
2022-09-28,12.5
2022-09-29,11.9
2022-09-30,12.2
2022-10-01,128.0
2022-10-02,119.0
2022-10-03,80.9
2022-10-04,66.5
2022-10-05,42.1
2022-10-06,31.7
2022-10-07,24.5
2022-10-08,21.5
2022-10-09,19.2
2022-10-10,18.4
2022-10-11,17.6
2022-10-12,16.7
2022-10-13,65.3
2022-10-14,53.7
2022-10-15,24.2
2022-10-16,19.7
2022-10-17,19.8
2022-10-18,18.5
2022-10-19,18.2
2022-10-20,17.9
2022-10-21,17.5
2022-10-22,18.3
2022-10-23,18.0
2022-10-24,18.5
2022-10-25,18.4
2022-10-26,18.5
2022-10-27,18.8
2022-10-28,16.9
2022-10-29,16.9
2022-10-30,17.4
2022-10-31,18.7
2022-11-01,23.7
2022-11-02,19.9
2022-11-03,18.1
2022-11-04,17.9
2022-11-05,18.2
2022-11-06,19.2
2022-11-07,20.6
2022-11-08,18.1
2022-11-09,17.2
2022-11-10,17.4
2022-11-11,162.0
2022-11-12,80.7
2022-11-13,30.3
2022-11-14,21.8
2022-11-15,100.0
2022-11-16,306.0
2022-11-17,55.8
2022-11-18,32.9
2022-11-19,25.3
2022-11-20,23.0
2022-11-21,21.1
2022-11-22,21.1
2022-11-23,20.5
2022-11-24,19.6
2022-11-25,23.9
2022-11-26,23.8
2022-11-27,22.3
2022-11-28,24.7
2022-11-29,20.3
2022-11-30,34.5
2022-12-01,29.3
2022-12-02,20.9
2022-12-03,52.0
2022-12-04,35.2
2022-12-05,24.0
2022-12-06,25.2
2022-12-07,26.6
2022-12-08,24.8
2022-12-09,22.7
2022-12-10,21.8
2022-12-11,20.8
2022-12-12,20.5
2022-12-13,20.6
2022-12-14,20.2
2022-12-15,659.0
2022-12-16,293.0
2022-12-17,62.2
2022-12-18,43.6
2022-12-19,35.1
2022-12-20,31.4
2022-12-21,29.2
2022-12-22,403.0
2022-12-23,1080.0
2022-12-24,99.4
2022-12-25,55.4
2022-12-26,43.1
2022-12-27,40.8
2022-12-28,38.0
2022-12-29,36.0
2022-12-30,35.4
2022-12-31,37.9
2023-01-01,74.5
2023-01-02,41.3
2023-01-03,37.3
2023-01-04,36.2
2023-01-05,34.3
2023-01-06,32.5
2023-01-07,30.9
2023-01-08,29.8
2023-01-09,30.2
2023-01-10,29.3
2023-01-11,28.8
2023-01-12,29.8
2023-01-13,75.0
2023-01-14,41.0
2023-01-15,32.2
2023-01-16,30.3
2023-01-17,32.0
2023-01-18,32.9
2023-01-19,30.3
2023-01-20,31.5
2023-01-21,28.6
2023-01-22,28.6
2023-01-23,57.6
2023-01-24,38.6
2023-01-25,78.0
2023-01-26,106.0
2023-01-27,44.5
2023-01-28,37.8
2023-01-29,35.5
2023-01-30,36.0
2023-01-31,37.5
2023-02-01,43.2
2023-02-02,35.5
2023-02-03,33.3
2023-02-04,30.0
2023-02-05,31.3
2023-02-06,33.2
2023-02-07,29.1
2023-02-08,29.3
2023-02-09,29.0
2023-02-10,29.4
2023-02-11,27.9
2023-02-12,94.2
2023-02-13,258.0
2023-02-14,58.0
2023-02-15,45.0
2023-02-16,90.1
2023-02-17,330.0
2023-02-18,85.4
2023-02-19,55.0
2023-02-20,48.1
2023-02-21,44.6
2023-02-22,40.1
2023-02-23,38.7
2023-02-24,36.6
2023-02-25,34.4
2023-02-26,34.4
2023-02-27,34.3
2023-02-28,47.3
2023-03-01,35.9
2023-03-02,36.5
2023-03-03,35.2
2023-03-04,98.3
2023-03-05,40.7
2023-03-06,35.6
2023-03-07,34.4
2023-03-08,31.7
2023-03-09,30.8
2023-03-10,32.1
2023-03-11,37.3
2023-03-12,31.1
2023-03-13,33.6
2023-03-14,32.2
2023-03-15,29.2
2023-03-16,27.8
2023-03-17,29.0
2023-03-18,29.3
2023-03-19,27.3
2023-03-20,26.1
2023-03-21,26.7
2023-03-22,27.0
2023-03-23,27.4
2023-03-24,47.9
2023-03-25,153.0
2023-03-26,54.1
2023-03-27,37.9
2023-03-28,35.0
2023-03-29,32.4
2023-03-30,30.8
2023-03-31,29.9
2023-04-01,50.9
2023-04-02,40.2
2023-04-03,30.3
2023-04-04,30.1
2023-04-05,28.9
2023-04-06,33.3
2023-04-07,43.1
2023-04-08,29.1
2023-04-09,27.3
2023-04-10,26.3
2023-04-11,26.6
2023-04-12,26.9
2023-04-13,25.6
2023-04-14,24.6
2023-04-15,25.0
2023-04-16,25.2
2023-04-17,24.2
2023-04-18,22.5
2023-04-19,21.4
2023-04-20,21.1
2023-04-21,21.0
2023-04-22,46.4
2023-04-23,45.6
2023-04-24,24.7
2023-04-25,21.8
2023-04-26,21.3
2023-04-27,21.7
2023-04-28,235.0
2023-04-29,174.0
2023-04-30,255.0
2023-05-01,85.3
2023-05-02,45.2
2023-05-03,37.8
2023-05-04,31.8
2023-05-05,29.1
2023-05-06,27.4
2023-05-07,45.2
2023-05-08,55.7
2023-05-09,36.0
2023-05-10,34.6
2023-05-11,28.4
2023-05-12,26.3
2023-05-13,24.4
2023-05-14,27.4
2023-05-15,22.5
2023-05-16,21.7
2023-05-17,21.4
2023-05-18,19.5
2023-05-19,18.9
2023-05-20,23.5
2023-05-21,43.5
2023-05-22,21.1
2023-05-23,18.8
2023-05-24,17.8
2023-05-25,17.1
2023-05-26,16.1
2023-05-27,15.7
2023-05-28,15.4
2023-05-29,72.9
2023-05-30,54.3
2023-05-31,23.2
2023-06-01,18.4
2023-06-02,16.9
2023-06-03,15.6
2023-06-04,14.6
2023-06-05,14.2
2023-06-06,13.5
2023-06-07,12.9
2023-06-08,12.2
2023-06-09,12.1
2023-06-10,11.8
2023-06-11,11.4
2023-06-12,11.0
2023-06-13,12.0
2023-06-14,10.8
2023-06-15,10.3
2023-06-16,9.81
2023-06-17,11.0
2023-06-18,9.64
2023-06-19,14.7
2023-06-20,16.9
2023-06-21,30.8
2023-06-22,56.0
2023-06-23,150.0
2023-06-24,86.0
2023-06-25,28.0
2023-06-26,18.6
2023-06-27,195.0
2023-06-28,76.2
2023-06-29,26.3
2023-06-30,26.7
2023-07-01,22.9
2023-07-02,22.2
2023-07-03,31.6
2023-07-04,225.0
2023-07-05,37.3
2023-07-06,65.6
2023-07-07,37.4
2023-07-08,34.6
2023-07-09,76.4
2023-07-10,44.0
2023-07-11,23.1
2023-07-12,18.1
2023-07-13,15.9
2023-07-14,178.0
2023-07-15,115.0
2023-07-16,108.0
2023-07-17,30.0
2023-07-18,19.9
2023-07-19,217.0
2023-07-20,40.0
2023-07-21,96.4
2023-07-22,28.4
2023-07-23,18.8
2023-07-24,35.9
2023-07-25,17.6
2023-07-26,14.8
2023-07-27,13.9
2023-07-28,12.7
2023-07-29,53.5
2023-07-30,49.6
2023-07-31,22.5
2023-08-01,15.5
2023-08-02,11.8
2023-08-03,11.1
2023-08-04,13.0
2023-08-05,12.4
2023-08-06,70.0
2023-08-07,374.0
2023-08-08,564.0
2023-08-09,44.8
2023-08-10,135.0
2023-08-11,61.9
2023-08-12,25.0
2023-08-13,19.3
2023-08-14,19.6
2023-08-15,53.3
2023-08-16,67.1
2023-08-17,20.5
2023-08-18,16.0
2023-08-19,13.0
2023-08-20,11.5
2023-08-21,10.9
2023-08-22,10.4
2023-08-23,9.91
2023-08-24,10.1
2023-08-25,20.6
2023-08-26,51.9
2023-08-27,13.0
2023-08-28,10.0
2023-08-29,10.0
2023-08-30,10.1
2023-08-31,8.58
2023-09-01,7.39
2023-09-02,7.69
2023-09-03,7.29
2023-09-04,6.56
2023-09-05,6.18
2023-09-06,5.97
2023-09-07,5.82
2023-09-08,7.21
2023-09-09,68.4
2023-09-10,52.4
2023-09-11,179.0
2023-09-12,50.8
2023-09-13,217.0
2023-09-14,24.5
2023-09-15,16.4
2023-09-16,13.4
2023-09-17,12.5
2023-09-18,14.7
2023-09-19,11.8
2023-09-20,10.1
2023-09-21,9.4
2023-09-22,8.86
2023-09-23,282.0
2023-09-24,819.0
2023-09-25,83.8
2023-09-26,45.5
2023-09-27,35.0
2023-09-28,24.0
2023-09-29,20.5
2023-09-30,18.8
2023-10-01,17.3
2023-10-02,16.1
2023-10-03,15.5
2023-10-04,15.1
2023-10-05,14.4
2023-10-06,14.2
2023-10-07,19.4
2023-10-08,20.6
2023-10-09,14.4
2023-10-10,13.8
2023-10-11,13.4
2023-10-12,12.9
2023-10-13,12.6
2023-10-14,15.6
2023-10-15,49.3
2023-10-16,19.1
2023-10-17,15.1
2023-10-18,14.2
2023-10-19,13.0
2023-10-20,13.1
2023-10-21,14.0
2023-10-22,13.1
2023-10-23,12.4
2023-10-24,11.9
2023-10-25,12.2
2023-10-26,12.8
2023-10-27,12.3
2023-10-28,11.9
2023-10-29,11.7
2023-10-30,12.9
2023-10-31,12.7
2023-11-01,12.0
2023-11-02,12.1
2023-11-03,11.8
2023-11-04,12.5
2023-11-05,13.1
2023-11-06,13.0
2023-11-07,15.3
2023-11-08,16.6
2023-11-09,12.7
2023-11-10,18.4
2023-11-11,25.2
2023-11-12,14.6
2023-11-13,13.0
2023-11-14,12.8
2023-11-15,12.6
2023-11-16,12.5
2023-11-17,12.9
2023-11-18,13.7
2023-11-19,13.5
2023-11-20,12.7
2023-11-21,144.0
2023-11-22,427.0
2023-11-23,44.3
2023-11-24,27.8
2023-11-25,21.7
2023-11-26,19.6
2023-11-27,19.6
2023-11-28,17.8
2023-11-29,16.4
2023-11-30,15.9
2023-12-01,16.8
2023-12-02,21.9
2023-12-03,124.0
2023-12-04,40.1
2023-12-05,24.8
2023-12-06,22.2
2023-12-07,20.1
2023-12-08,19.0
2023-12-09,18.3
2023-12-10,68.5
2023-12-11,485.0
2023-12-12,76.2
2023-12-13,41.2
2023-12-14,32.1
2023-12-15,28.1
2023-12-16,25.5
2023-12-17,147.0
2023-12-18,1470.0
2023-12-19,96.3
2023-12-20,49.3
2023-12-21,39.6
2023-12-22,34.6
2023-12-23,31.0
2023-12-24,29.0
2023-12-25,27.6
2023-12-26,28.7
2023-12-27,245.0
2023-12-28,206.0
2023-12-29,58.7
2023-12-30,43.6
2023-12-31,36.6
2024-01-01,33.0
2024-01-02,31.2
2024-01-03,29.5
2024-01-04,28.3
2024-01-05,26.3
2024-01-06,252.0
2024-01-07,195.0
2024-01-08,53.5
2024-01-09,753.0
2024-01-10,821.0
2024-01-11,90.1
2024-01-12,60.0
2024-01-13,279.0
2024-01-14,66.9
2024-01-15,52.3
2024-01-16,58.2
2024-01-17,48.1
2024-01-18,40.8
2024-01-19,43.9
2024-01-20,43.0
2024-01-21,39.3
2024-01-22,37.8
2024-01-23,36.3
2024-01-24,48.2
2024-01-25,85.0
2024-01-26,62.8
2024-01-27,46.9
2024-01-28,1130.0
2024-01-29,167.0
2024-01-30,74.3
2024-01-31,59.0
2024-02-01,51.1
2024-02-02,47.9
2024-02-03,43.4
2024-02-04,41.1
2024-02-05,39.7
2024-02-06,38.0
2024-02-07,36.4
2024-02-08,35.9
2024-02-09,35.8
2024-02-10,35.3
2024-02-11,36.5
2024-02-12,39.1
2024-02-13,376.0
2024-02-14,91.3
2024-02-15,54.6
2024-02-16,47.7
2024-02-17,50.1
2024-02-18,44.2
2024-02-19,40.7
2024-02-20,38.4
2024-02-21,37.4
2024-02-22,37.7
2024-02-23,39.1
2024-02-24,38.0
2024-02-25,34.8
2024-02-26,34.6
2024-02-27,34.5
2024-02-28,37.4
2024-02-29,48.1
2024-03-01,34.0
2024-03-02,133.0
2024-03-03,62.2
2024-03-04,44.5
2024-03-05,212.0
2024-03-06,79.6
2024-03-07,111.0
2024-03-08,56.9
2024-03-09,295.0
2024-03-10,290.0
2024-03-11,76.3
2024-03-12,56.6
2024-03-13,50.2
2024-03-14,46.5
2024-03-15,44.8
2024-03-16,44.3
2024-03-17,41.7
2024-03-18,39.0
2024-03-19,37.2
2024-03-20,36.8
2024-03-21,34.6
2024-03-22,34.1
2024-03-23,480.0
2024-03-24,111.0
2024-03-25,59.7
2024-03-26,50.7
2024-03-27,127.0
2024-03-28,99.1
2024-03-29,58.5
2024-03-30,49.1
2024-03-31,46.8
2024-04-01,88.0
2024-04-02,112.0
2024-04-03,565.0
2024-04-04,160.0
2024-04-05,79.4
2024-04-06,60.9
2024-04-07,53.6
2024-04-08,50.1
2024-04-09,48.8
2024-04-10,48.0
2024-04-11,45.9
2024-04-12,74.7
2024-04-13,47.4
2024-04-14,41.9
2024-04-15,47.8
2024-04-16,45.1
2024-04-17,39.1
2024-04-18,38.0
2024-04-19,36.3
2024-04-20,38.1
2024-04-21,34.8
2024-04-22,34.1
2024-04-23,33.3
2024-04-24,33.2
2024-04-25,31.6
2024-04-26,31.4
2024-04-27,32.2
2024-04-28,35.9
2024-04-29,31.5
2024-04-30,30.2
2024-05-01,40.7
2024-05-02,30.2
2024-05-03,28.2
2024-05-04,96.2
2024-05-05,97.8
2024-05-06,46.3
2024-05-07,41.0
2024-05-08,37.3
2024-05-09,32.2
2024-05-10,43.9
2024-05-11,40.5
2024-05-12,127.0
2024-05-13,43.1
2024-05-14,34.7
2024-05-15,75.8
2024-05-16,44.6
2024-05-17,33.8
2024-05-18,108.0
2024-05-19,78.9
2024-05-20,40.3
2024-05-21,35.1
2024-05-22,31.5
2024-05-23,47.4
2024-05-24,45.2
2024-05-25,35.2
2024-05-26,247.0
2024-05-27,59.9
2024-05-28,49.6
2024-05-29,67.5
2024-05-30,58.8
2024-05-31,31.2
2024-06-01,26.7
2024-06-02,25.5
2024-06-03,24.7
2024-06-04,23.8
2024-06-05,25.3
2024-06-06,32.0
2024-06-07,23.9
2024-06-08,20.7
2024-06-09,19.6
2024-06-10,19.9
2024-06-11,18.4
2024-06-12,17.5
2024-06-13,17.6
2024-06-14,17.3
2024-06-15,17.4
2024-06-16,15.3
2024-06-17,14.5
2024-06-18,14.0
2024-06-19,13.3
2024-06-20,12.5
2024-06-21,12.3
2024-06-22,11.6
2024-06-23,11.0
2024-06-24,10.2
2024-06-25,9.6
2024-06-26,9.49
2024-06-27,30.3
2024-06-28,13.4
2024-06-29,10.4
2024-06-30,10.3
2024-07-01,8.9
2024-07-02,8.18
2024-07-03,7.51
2024-07-04,30.0
2024-07-05,71.6
2024-07-06,16.8
2024-07-07,10.7
2024-07-08,8.32
2024-07-09,7.85
2024-07-10,12.2
2024-07-11,55.2
2024-07-12,49.3
2024-07-13,135.0
2024-07-14,22.3
2024-07-15,14.2
2024-07-16,12.7
2024-07-17,10.5
2024-07-18,26.7
2024-07-19,11.8
2024-07-20,9.32
2024-07-21,10.2
2024-07-22,9.14
2024-07-23,8.97
2024-07-24,37.2
2024-07-25,38.5
2024-07-26,12.4
2024-07-27,8.95
2024-07-28,7.48
2024-07-29,6.72
2024-07-30,6.54
2024-07-31,14.1
2024-08-01,15.6
2024-08-02,14.3
2024-08-03,34.6
2024-08-04,85.0
2024-08-05,31.7
2024-08-06,13.1
2024-08-07,8.86
2024-08-08,58.9
2024-08-09,297.0
2024-08-10,51.4
2024-08-11,29.6
2024-08-12,17.7
2024-08-13,12.9
2024-08-14,10.3
2024-08-15,9.05
2024-08-16,8.13
2024-08-17,11.1
2024-08-18,18.4
2024-08-19,23.8
2024-08-20,12.9
2024-08-21,8.49
2024-08-22,6.77
2024-08-23,6.2
2024-08-24,5.75
2024-08-25,5.34
2024-08-26,5.44
2024-08-27,14.5
2024-08-28,7.55
2024-08-29,17.5
2024-08-30,85.6
2024-08-31,17.3
2024-09-01,11.2
2024-09-02,10.0
2024-09-03,8.04
2024-09-04,6.54
2024-09-05,6.05
2024-09-06,5.61
2024-09-07,7.1
2024-09-08,5.71
2024-09-09,4.73
2024-09-10,4.41
2024-09-11,4.26
2024-09-12,3.92
2024-09-13,4.27
2024-09-14,3.74
2024-09-15,3.49
2024-09-16,3.32
2024-09-17,3.45
2024-09-18,25.6
2024-09-19,17.4
2024-09-20,8.81
2024-09-21,6.54
2024-09-22,48.6
2024-09-23,16.3
2024-09-24,26.0
2024-09-25,48.0
2024-09-26,273.0
2024-09-27,42.1
2024-09-28,30.6
2024-09-29,17.4
2024-09-30,19.6
2024-10-01,44.5
2024-10-02,27.9
2024-10-03,16.2
2024-10-04,12.5
2024-10-05,11.2
2024-10-06,10.3
2024-10-07,9.88
2024-10-08,10.0
2024-10-09,9.53
2024-10-10,8.74
2024-10-11,8.58
2024-10-12,8.57
2024-10-13,8.57
2024-10-14,7.74
2024-10-15,7.36
2024-10-16,7.65
2024-10-17,7.52
2024-10-18,7.46
2024-10-19,7.51
2024-10-20,7.52
2024-10-21,7.96
2024-10-22,7.97
2024-10-23,7.5
2024-10-24,7.27
2024-10-25,6.9
2024-10-26,6.9
2024-10-27,6.96
2024-10-28,7.33
2024-10-29,7.5
2024-10-30,7.79
2024-10-31,8.11
2024-11-01,8.05
2024-11-02,7.71
2024-11-03,7.62
2024-11-04,7.53
2024-11-05,8.15
2024-11-06,8.46
2024-11-07,8.94
2024-11-08,8.43
2024-11-09,8.04
2024-11-10,7.91
2024-11-11,21.9
2024-11-12,11.3
2024-11-13,7.99
2024-11-14,7.89
2024-11-15,18.2
2024-11-16,14.6
2024-11-17,9.67
2024-11-18,8.96
2024-11-19,8.8
2024-11-20,9.52
2024-11-21,76.6
2024-11-22,18.7
2024-11-23,16.6
2024-11-24,12.0
2024-11-25,10.1
2024-11-26,11.5
2024-11-27,12.1
2024-11-28,26.6
2024-11-29,21.3
2024-11-30,12.4
2024-12-01,10.6
2024-12-02,10.0
2024-12-03,9.84
2024-12-04,9.94
2024-12-05,9.84
2024-12-06,9.37
2024-12-07,9.17
2024-12-08,9.48
2024-12-09,10.3
2024-12-10,12.1
2024-12-11,277.0
2024-12-12,101.0
2024-12-13,29.4
2024-12-14,20.5
2024-12-15,18.2
2024-12-16,101.0
2024-12-17,34.3
2024-12-18,23.1
2024-12-19,37.2
2024-12-20,23.3
2024-12-21,19.7
2024-12-22,17.2
2024-12-23,16.0
2024-12-24,16.2
2024-12-25,16.5
2024-12-26,15.7
2024-12-27,15.4
2024-12-28,48.2
2024-12-29,62.1
2024-12-30,32.9
2024-12-31,31.1
2025-01-01,69.5
2025-01-02,26.3
2025-01-03,21.6
2025-01-04,21.5
2025-01-05,18.2
2025-01-06,22.5
2025-01-07,24.3
2025-01-08,20.5
2025-01-09,19.9
2025-01-10,18.4
2025-01-11,19.9
2025-01-12,20.2
2025-01-13,19.5
2025-01-14,19.7
2025-01-15,18.5
2025-01-16,19.1
2025-01-17,18.3
2025-01-18,18.4
2025-01-19,23.6
2025-01-20,30.8
2025-01-21,23.3
2025-01-22,18.6
2025-01-23,16.9
2025-01-24,17.7
2025-01-25,17.6
2025-01-26,17.7
2025-01-27,18.2
2025-01-28,19.1
2025-01-29,21.1
2025-01-30,23.4
2025-01-31,96.2
2025-02-01,135.0
2025-02-02,39.0
2025-02-03,29.7
2025-02-04,26.3
2025-02-05,23.2
2025-02-06,184.0
2025-02-07,70.8
2025-02-08,36.7
2025-02-09,31.6
2025-02-10,27.3
2025-02-11,25.2
2025-02-12,35.7
2025-02-13,142.0
2025-02-14,84.8
2025-02-15,61.1
2025-02-16,374.0
2025-02-17,99.6
2025-02-18,46.8
2025-02-19,35.5
2025-02-20,31.4
2025-02-21,28.2
2025-02-22,26.3
2025-02-23,25.8
2025-02-24,25.3
2025-02-25,25.5
2025-02-26,24.2
2025-02-27,23.3
2025-02-28,23.1
2025-03-01,21.9
2025-03-02,20.2
2025-03-03,19.6
2025-03-04,20.2
2025-03-05,57.5
2025-03-06,71.9
2025-03-07,30.0
2025-03-08,25.2
2025-03-09,23.1
2025-03-10,22.4
2025-03-11,21.8
2025-03-12,21.3
2025-03-13,20.6
2025-03-14,20.3
2025-03-15,20.1
2025-03-16,20.7
2025-03-17,36.7
2025-03-18,22.3
2025-03-19,20.0
2025-03-20,20.4
2025-03-21,42.3
2025-03-22,22.1
2025-03-23,19.6
2025-03-24,19.3
2025-03-25,19.7
2025-03-26,20.8
2025-03-27,18.2
2025-03-28,20.4
2025-03-29,19.4
2025-03-30,18.6
2025-03-31,26.6
2025-04-01,114.0
2025-04-02,29.6
2025-04-03,24.7
2025-04-04,29.8
2025-04-05,25.7
2025-04-06,22.6
2025-04-07,79.6
2025-04-08,45.6
2025-04-09,26.6
2025-04-10,23.8
2025-04-11,71.4
2025-04-12,159.0
2025-04-13,47.9
2025-04-14,33.6
2025-04-15,43.5
2025-04-16,28.8
2025-04-17,24.6
2025-04-18,23.4
2025-04-19,22.6
2025-04-20,21.5
2025-04-21,20.4
2025-04-22,21.4
2025-04-23,18.9
2025-04-24,17.6
2025-04-25,17.5
2025-04-26,62.0
2025-04-27,29.7
2025-04-28,20.4
2025-04-29,18.1
2025-04-30,19.5
2025-05-01,16.8
2025-05-02,16.0
2025-05-03,15.8
2025-05-04,84.1
2025-05-05,91.5
2025-05-06,187.0
2025-05-07,40.3
2025-05-08,26.1
2025-05-09,92.3
2025-05-10,37.3
2025-05-11,24.9
2025-05-12,21.2
2025-05-13,724.0
2025-05-14,351.0
2025-05-15,90.6
2025-05-16,49.9
2025-05-17,38.9
2025-05-18,31.2
2025-05-19,27.1
2025-05-20,23.9
2025-05-21,44.1
2025-05-22,82.8
2025-05-23,35.8
2025-05-24,26.2
2025-05-25,23.1
2025-05-26,21.5
2025-05-27,21.3
2025-05-28,329.0
2025-05-29,99.9
2025-05-30,49.6
2025-05-31,128.0
2025-06-01,45.2
2025-06-02,32.7
2025-06-03,28.2
2025-06-04,25.6
2025-06-05,23.4
2025-06-06,21.9
2025-06-07,22.4
2025-06-08,47.0
2025-06-09,51.9
2025-06-10,25.9
2025-06-11,55.5
2025-06-12,23.6
2025-06-13,215.0
2025-06-14,252.0
2025-06-15,380.0
2025-06-16,407.0
2025-06-17,96.6
2025-06-18,229.0
2025-06-19,154.0
2025-06-20,83.9
2025-06-21,42.9
2025-06-22,34.4
2025-06-23,29.1
2025-06-24,25.9
2025-06-25,55.9
2025-06-26,52.1
2025-06-27,70.1
2025-06-28,34.9
2025-06-29,26.3
2025-06-30,22.7
2025-07-01,190.0
2025-07-02,141.0
2025-07-03,39.3
2025-07-04,26.8
2025-07-05,22.2
2025-07-06,20.2
2025-07-07,20.0
2025-07-08,25.6
2025-07-09,66.5
2025-07-10,73.9
2025-07-11,27.6
2025-07-12,642.0
2025-07-13,538.0
2025-07-14,372.0
2025-07-15,107.0
2025-07-16,46.1
2025-07-17,116.0
2025-07-18,34.1
2025-07-19,274.0
2025-07-20,60.8
2025-07-21,27.3
2025-07-22,22.7
2025-07-23,20.0
2025-07-24,18.6
2025-07-25,17.3
2025-07-26,17.1
2025-07-27,111.0
2025-07-28,48.0
2025-07-29,21.4
2025-07-30,17.9
2025-07-31,70.6
2025-08-01,80.4
2025-08-02,27.8
2025-08-03,19.0
2025-08-04,16.6
2025-08-05,15.2
2025-08-06,14.7
2025-08-07,14.4
2025-08-08,13.5
2025-08-09,12.6
2025-08-10,11.6
2025-08-11,11.5
2025-08-12,11.4
2025-08-13,99.1
2025-08-14,45.5
2025-08-15,97.8
2025-08-16,49.5
2025-08-17,17.9
2025-08-18,19.0
2025-08-19,14.7
2025-08-20,14.8
2025-08-21,14.3
2025-08-22,13.7
2025-08-23,12.1
2025-08-24,10.9
2025-08-25,10.2
2025-08-26,9.37
2025-08-27,8.65
2025-08-28,8.13
2025-08-29,7.77
2025-08-30,7.18
2025-08-31,6.93
2025-09-01,6.58
2025-09-02,6.46
2025-09-03,6.48
2025-09-04,6.24
2025-09-05,6.0
2025-09-06,5.88
2025-09-07,6.7
2025-09-08,6.2
2025-09-09,5.33
2025-09-10,5.11
2025-09-11,5.44
2025-09-12,5.48
2025-09-13,5.15
2025-09-14,4.73
2025-09-15,4.32
2025-09-16,24.2
2025-09-17,68.3
2025-09-18,13.3
2025-09-19,7.0
2025-09-20,8.36
2025-09-21,5.49
2025-09-22,4.94
2025-09-23,4.82
2025-09-24,8.42
2025-09-25,29.2
2025-09-26,15.0
2025-09-27,7.35
2025-09-28,6.01
2025-09-29,5.43
2025-09-30,5.53
2025-10-01,5.19
2025-10-02,4.71
2025-10-03,4.48
2025-10-04,4.24
2025-10-05,4.37
2025-10-06,3.79
2025-10-07,4.0
2025-10-08,5.33
2025-10-09,6.93
2025-10-10,4.57
2025-10-11,4.14
2025-10-12,4.27
2025-10-13,5.62
2025-10-14,6.47
2025-10-15,7.62
2025-10-16,5.51
2025-10-17,4.54
2025-10-18,4.22
2025-10-19,4.48
2025-10-20,32.7
2025-10-21,10.4
2025-10-22,7.01
2025-10-23,6.37
2025-10-24,5.74
2025-10-25,5.21
2025-10-26,5.15
2025-10-27,5.21
2025-10-28,5.29
2025-10-29,5.56
2025-10-30,173.0
2025-10-31,27.2
2025-11-01,11.0
2025-11-02,8.61
2025-11-03,7.67
2025-11-04,7.42
2025-11-05,7.55
2025-11-06,7.73
2025-11-07,8.1
2025-11-08,22.4
2025-11-09,13.5
2025-11-10,11.9
2025-11-11,10.2
2025-11-12,8.59
2025-11-13,8.32
2025-11-14,7.81
2025-11-15,8.01
2025-11-16,7.76
2025-11-17,11.2
2025-11-18,24.6
2025-11-19,18.3
2025-11-20,14.1
2025-11-21,9.51
2025-11-22,9.85
2025-11-23,11.2
2025-11-24,9.01
2025-11-25,8.8
2025-11-26,19.0
2025-11-27,12.2
2025-11-28,9.17
2025-11-29,8.32
2025-11-30,8.72
2025-12-01,9.38
2025-12-02,98.6
2025-12-03,39.2
2025-12-04,14.6
2025-12-05,11.5
2025-12-06,11.1
2025-12-07,10.1
2025-12-08,9.16
2025-12-09,8.78
2025-12-10,9.21
2025-12-11,9.25
2025-12-12,8.66
2025-12-13,8.2
2025-12-14,9.45
2025-12-15,9.75
2025-12-16,8.52
2025-12-17,8.81
2025-12-18,9.8
2025-12-19,22.1
2025-12-20,18.9
2025-12-21,11.1
2025-12-22,9.4
2025-12-23,9.68
2025-12-24,10.0
2025-12-25,9.19
2025-12-26,8.98
2025-12-27,8.91
2025-12-28,8.85
2025-12-29,9.43
2025-12-30,9.74
2025-12-31,9.08
2026-01-01,9.19
2026-01-02,9.06
2026-01-03,8.83
2026-01-04,8.64
2026-01-05,8.63
2026-01-06,8.94
2026-01-07,9.14
2026-01-08,8.92
2026-01-09,8.8
2026-01-10,133.0
2026-01-11,87.6
2026-01-12,21.7
2026-01-13,14.7
2026-01-14,13.0
2026-01-15,12.0
2026-01-16,10.9
2026-01-17,10.3
2026-01-18,11.7
2026-01-19,12.1
2026-01-20,10.3
2026-01-21,9.51
2026-01-22,10.1
2026-01-23,10.2
2026-01-24,9.12
2026-01-25,9.79
2026-01-26,23.7
2026-01-27,15.6
2026-01-28,12.1
2026-01-29,11.3
2026-01-30,11.1
2026-01-31,11.3
2026-02-01,12.3
2026-02-02,12.6
2026-02-03,13.5
2026-02-04,13.7
2026-02-05,13.1
2026-02-06,12.3
2026-02-07,11.4
2026-02-08,10.8
2026-02-09,11.3
2026-02-10,14.1
2026-02-11,19.8
2026-02-12,38.8
2026-02-13,18.8
2026-02-14,17.9
2026-02-15,47.0
2026-02-16,276.0
2026-02-17,67.4
2026-02-18,48.7
2026-02-19,54.8
2026-02-20,609.0
2026-02-21,114.0
2026-02-22,101.0
2026-02-23,150.0
2026-02-24,81.9
2026-02-25,52.3
2026-02-26,46.9
2026-02-27,38.3
2026-02-28,33.1
2026-03-01,30.2
2026-03-02,27.7
2026-03-03,37.7
2026-03-04,89.8
2026-03-05,42.4
2026-03-06,63.0
2026-03-07,38.9
2026-03-08,33.9
2026-03-09,29.9
2026-03-10,27.7
2026-03-11,26.9
2026-03-12,92.1
2026-03-13,71.6
2026-03-14,38.7
2026-03-15,30.9
2026-03-16,540.0
2026-03-17,377.0
2026-03-18,76.6
2026-03-19,50.0
2026-03-20,42.4
2026-03-21,80.3
2026-03-22,44.5
2026-03-23,39.3
2026-03-24,33.2
2026-03-25,34.5
2026-03-26,34.2
2026-03-27,35.5
2026-03-28,33.1
2026-03-29,27.0
2026-03-30,27.7
2026-03-31,27.5
2026-04-01,26.4
2026-04-02,25.9
2026-04-03,25.1
2026-04-04,25.2
2026-04-05,84.9
2026-04-06,53.5
2026-04-07,29.6
2026-04-08,25.0
2026-04-09,24.3
2026-04-10,24.1
2026-04-11,23.7
2026-04-12,22.3
2026-04-13,22.0
2026-04-14,22.0
2026-04-15,21.6
2026-04-16,20.3
2026-04-17,19.2
2026-04-18,18.1
2026-04-19,18.9
2026-04-20,20.6
2026-04-21,17.8
2026-04-22,17.6
2026-04-23,17.6
2026-04-24,17.2
2026-04-25,17.2
2026-04-26,22.5
2026-04-27,17.4
2026-04-28,16.9
2026-04-29,19.8
2026-04-30,38.9
2026-05-01,18.7
2026-05-02,16.3
2026-05-03,14.7
2026-05-04,14.1
2026-05-05,13.7
2026-05-06,22.1
2026-05-07,22.9
2026-05-08,15.7
2026-05-09,13.8
2026-05-10,13.5
2026-05-11,18.1
2026-05-12,16.8
2026-05-13,13.7
2026-05-14,59.4
2026-05-15,19.3
2026-05-16,14.7
2026-05-17,12.9
2026-05-18,12.1
2026-05-19,11.1
2026-05-20,12.9
2026-05-21,62.8
2026-05-22,82.6
2026-05-23,169.0
2026-05-24,691.0
2026-05-25,85.7
2026-05-26,52.2
2026-05-27,39.7
2026-05-28,32.9
2026-05-29,25.0
2026-05-30,21.2
2026-05-31,18.6
2026-06-01,17.4
2026-06-02,16.1
2026-06-03,15.1
2026-06-04,14.2
2026-06-05,13.4
2026-06-06,12.8
2026-06-07,12.1
2026-06-08,11.1
2026-06-09,10.5
2026-06-10,34.0
2026-06-11,34.3
2026-06-12,29.6
2026-06-13,51.2
2026-06-14,16.5
2026-06-15,15.8
2026-06-16,10.8
2026-06-17,9.55
2026-06-18,9.21
2026-06-19,8.82
2026-06-20,7.93
2026-06-21,7.21
2026-06-22,20.1
2026-06-23,131.0
2026-06-24,37.3
2026-06-25,14.8
2026-06-26,11.2
2026-06-27,13.3
2026-06-28,110.0
2026-06-29,43.1
2026-06-30,17.6
2026-07-01,12.4
2026-07-02,10.2
2026-07-03,8.77
2026-07-04,7.54
2026-07-05,6.64
2026-07-06,11.1
2026-07-07,26.5
2026-07-08,14.3
2026-07-09,93.1
2026-07-10,103.0
2026-07-11,136.0
2026-07-12,42.7
2026-07-13,19.1
2026-07-14,12.1
2026-07-15,9.57
2026-07-16,8.23
2026-07-17,7.05
2026-07-18,35.1
2026-07-19,49.3
2026-07-20,12.3
2026-07-21,11.2
2026-07-22,99.2
2026-07-23,16.9
2026-07-24,9.0
2026-07-25,7.1
2026-07-26,6.27
2026-07-27,9.18
2026-07-28,27.1
2026-07-29,22.9
2026-07-30,6.99
2026-07-31,5.6
2026-08-01,4.73
